-- phpMyAdmin SQL Dump
-- version 2.11.6
-- http://www.phpmyadmin.net
--
-- Host: localhost
-- Generation Time: Aug 09, 2012 at 03:08 PM
-- Server version: 5.0.51
-- PHP Version: 5.2.6

SET SQL_MODE="NO_AUTO_VALUE_ON_ZERO";


/*!40101 SET @OLD_CHARACTER_SET_CLIENT=@@CHARACTER_SET_CLIENT */;
/*!40101 SET @OLD_CHARACTER_SET_RESULTS=@@CHARACTER_SET_RESULTS */;
/*!40101 SET @OLD_COLLATION_CONNECTION=@@COLLATION_CONNECTION */;
/*!40101 SET NAMES utf8 */;

--
-- Database: `sigmac`
--

-- --------------------------------------------------------

--
-- Table structure for table `concepts`
--

CREATE TABLE `concepts` (
  `conceptId` int(11) NOT NULL auto_increment,
  `conceptName` varchar(255) NOT NULL,
  PRIMARY KEY  (`conceptId`)
) ENGINE=InnoDB  DEFAULT CHARSET=latin1 AUTO_INCREMENT=468 ;

--
-- Dumping data for table `concepts`
--

INSERT INTO `concepts` (`conceptId`, `conceptName`) VALUES
(1, 'need'),
(2, 'organizational functions'),
(3, 'their own methods'),
(4, 'software employees'),
(5, 'internationally recognized standard'),
(6, 'process improvement'),
(7, 'commercial software'),
(8, 'party'),
(9, 'time'),
(10, 'required information'),
(11, 'detail level'),
(12, 'iso standards'),
(13, 'prepare proposal'),
(14, 'standards and process improvement'),
(15, 'number'),
(16, '.'),
(17, 'associated measures'),
(18, 'software company'),
(19, 'project'),
(20, 'their own standards'),
(21, 'february'),
(22, 'quality'),
(23, 'view'),
(24, 'productive enhancement'),
(25, 'review'),
(26, 'computer'),
(27, 'software source'),
(28, 'third party certification bodies'),
(29, 'relevant software product quality characteristic'),
(30, 'software engineering institute'),
(31, 'design documents'),
(32, 'release management'),
(33, 'own standard'),
(34, 'incorporating process'),
(35, 'division'),
(36, 'requirements gathering and documentation'),
(37, 'own process information'),
(38, 'software engineering'),
(39, 'firm'),
(40, 'software quality assurance engineer'),
(41, 'requirement specification'),
(42, 'user friendly tool'),
(43, 'standardization'),
(44, 'cmmi -lrb- capability maturity model integration -rrb-'),
(45, 'independent body'),
(46, 'maintainer'),
(47, 'statistical means'),
(48, 'nothing'),
(49, 'your products or services'),
(50, 'software product quality'),
(51, 'testing'),
(52, 'public'),
(53, 'source code control'),
(54, 'file format'),
(55, 'previous approaches'),
(56, 'client'),
(57, 'all the company'),
(58, 'tool'),
(59, 'final projects 4weeks'),
(60, 'organizational development'),
(61, 'broad profession'),
(62, 'software'),
(63, 'best practices'),
(64, 'updated'),
(65, 'data warehousing and operational'),
(66, 'time consuming and tactic'),
(67, 'goldengate software'),
(68, 'key'),
(69, 'quality management software system'),
(70, 'fulfils'),
(71, 'software customers'),
(72, 'human safety'),
(73, 'your customers'),
(74, 'approachable auditors `` iso 9001'),
(75, 'funnelling questions'),
(76, 'best practice'),
(77, 'core 2 processor speed'),
(78, 'achievement beginning'),
(79, '`` code'),
(80, 'cr'),
(81, 'given bellow .'),
(82, 'problem definition .'),
(83, 'our working patterns'),
(84, 'sri lanka software testing board -lrb- slstb -rrb-'),
(85, 'software reliability'),
(86, 'day'),
(87, 'business automation'),
(88, 'next stage'),
(89, 'best software company'),
(90, 'guidance'),
(91, 'measure'),
(92, 'uat'),
(93, 'iso or cmmi'),
(94, 'understanding'),
(95, 'today'),
(96, 'software quality engineering'),
(97, 'analysis'),
(98, 'last decade'),
(99, 'iso 9000 family'),
(100, 'business'),
(101, 'organization'),
(102, 'possible'),
(103, 'area'),
(104, 'business automations'),
(105, 'competitive advantage'),
(106, 'other stakeholders'),
(107, 'discipline'),
(108, 'supervisor discussion'),
(109, 'requirement'),
(110, 'supervisor .'),
(111, '1.3 .'),
(112, 'greatest success'),
(113, 'supervisor 1'),
(114, 'sei'),
(115, 'customer supports'),
(116, 'ram'),
(117, 'identify uniqueness'),
(118, 'online analytical processing'),
(119, 'there'),
(120, 'approach'),
(121, 'manner'),
(122, 'competitive advantages'),
(123, 'olap'),
(124, 'information3 weeks'),
(125, 'quality characteristics'),
(126, 'several existing systems'),
(127, 'widespread use'),
(128, 'reason'),
(129, 'practical issues'),
(130, 'only part'),
(131, 'final supervisor'),
(132, 'best company'),
(133, 'january 12'),
(134, 'operation'),
(135, 'software quality standards'),
(136, 'subject matter fields'),
(137, 'long-term planning'),
(138, 'free product .'),
(139, 'final'),
(140, 'element'),
(141, 'scholar articles , journals and previous research publications'),
(142, 'issues or downtimes'),
(143, 'technical customer'),
(144, 'quick view software quality management'),
(145, 'recommendation'),
(146, 'back and practical issues'),
(147, 'project schedule'),
(148, 'competitive benefits'),
(149, 'comment'),
(150, 'help organizations'),
(151, 'business automations .'),
(152, 'quality assurances'),
(153, 'software testing'),
(154, 'their performance'),
(155, 'detail data collection'),
(156, 'cr handling .'),
(157, 'datum'),
(158, 'basic statistical tools'),
(159, 'global economy'),
(160, 'visual sources'),
(161, 'software product'),
(162, 'capability maturity model integration'),
(163, 'high level data'),
(164, 'quality requirements'),
(165, 'software quality and standards'),
(166, 'company process'),
(167, 'high-level problems'),
(168, 'literature review3weeks .'),
(169, 'similar'),
(170, 'entire software development process'),
(171, 'office package'),
(172, 'user acceptance test'),
(173, 'pdf\\/adobe acrobat'),
(174, 'outcome'),
(175, 'product'),
(176, 'management principles'),
(177, 'interview'),
(178, '9001 one'),
(179, 'proposal'),
(180, 'software workers'),
(181, 'account'),
(182, 'method'),
(183, 'software companies'),
(184, 'software verification and validation'),
(185, 'large scale privet origination'),
(186, 'down time'),
(187, 'most advance tool'),
(188, 'organizational needs'),
(189, 'hard disk'),
(190, 'industry '''''),
(191, 'client .'),
(192, 'study'),
(193, 'all the process'),
(194, 'quality management'),
(195, 'u.s. patent and trademark office'),
(196, 'documentation process issues'),
(197, 'development period form'),
(198, 'inc'),
(199, 'family'),
(200, 'experiment'),
(201, 'and every'),
(202, 'quality standards'),
(203, 'configuration management'),
(204, 'solid relationships'),
(205, 'objective'),
(206, 'entire organization'),
(207, 'sri lanka institute'),
(208, 'gathering data'),
(209, 'end-users'),
(210, 'independent verification and validation'),
(211, 'all the standards and practices'),
(212, 'live system'),
(213, 'iso 9000'),
(214, 'iso 9001'),
(215, 'scale business sector'),
(216, 'requirements trisibility matrix .'),
(217, 'scale'),
(218, 'international organization'),
(219, 'issues and schedule variances'),
(220, 'insight'),
(221, 'big part'),
(222, 'appropriate quality characteristics'),
(223, 'at least two computers'),
(224, 'onsite'),
(225, 'software quality assurance'),
(226, 'san francisco'),
(227, 'it'),
(228, 'standard'),
(229, 'resource'),
(230, 'problem'),
(231, 'list'),
(232, 'explorative study'),
(233, 'certification'),
(234, 'opportunity'),
(235, 'convenient'),
(236, 'high level'),
(237, 'required level'),
(238, 'discussion'),
(239, 'nonprofit organization'),
(240, 'mr. yashas mallawaarchchi .'),
(241, 'customer'),
(242, 'quality management systems'),
(243, 'software quality'),
(244, 'etl'),
(245, 'business continuity'),
(246, 'feedback'),
(247, 'own process'),
(248, 'their own standard'),
(249, 'multiple areas'),
(250, 'iso'),
(251, 'how'),
(252, 'business solution'),
(253, 'quick view'),
(254, 'process improvement approach'),
(255, 'system'),
(256, 'historical data'),
(257, 'best advantages'),
(258, 'metric'),
(259, 'different experiences'),
(260, 'load'),
(261, 'sri lanka software testing board'),
(262, 'initial step'),
(263, 'best software'),
(264, 'common'),
(265, 'their data'),
(266, 'software client'),
(267, 'high quality software products'),
(268, 'national industry interests'),
(269, 'related data'),
(270, 'vss'),
(271, 'usa'),
(272, 'carnegie mellon university'),
(273, 'document'),
(274, 'independent confirmation'),
(275, 'following facilities'),
(276, 'real-time data integration'),
(277, 'microsoft office excel'),
(278, 'clear picture'),
(279, 'ability'),
(280, 'other resellers'),
(281, 'several software'),
(282, 'change request and client business'),
(283, 'medium'),
(284, 'software qa'),
(285, 'related issues and project schedules'),
(286, 'cmmi'),
(287, 'factors and parties'),
(288, 'practice'),
(289, 'mar 2011'),
(290, 'documentation'),
(291, 'part'),
(292, 'extract , transform'),
(293, 'world'),
(294, 'acceptable standards'),
(295, 'week'),
(296, 'detail'),
(297, 'initial stage'),
(298, 'cmmi in software engineering and organizational development'),
(299, 'speed and dynamic nature'),
(300, 'amount'),
(301, 'iso certification process'),
(302, 'main research area as'),
(303, 'demand'),
(304, 'best practises'),
(305, 'rtm'),
(306, 'live systems'),
(307, 'sr'),
(308, 'study or task force'),
(309, 'accepted measures'),
(310, 'process changers'),
(311, 'cmmi version'),
(312, 'goldengate software , i.'),
(313, 'stated budget'),
(314, 'microsoft powerpoint'),
(315, 'application areas'),
(316, 'change request'),
(317, 'selected companies'),
(318, 'case'),
(319, 'company sources'),
(320, 'national standards'),
(321, 'development lifecycle'),
(322, 'result'),
(323, 'new achievements'),
(324, 'www.hq.nasa.gov\\/office\\/codeq\\/doctree\\/87398.pdf .'),
(325, 'expectation'),
(326, 'www'),
(327, 'effective process improvement'),
(328, 'most latest trend'),
(329, 'customer handling .'),
(330, 'involves defining appropriate quality'),
(331, 'data and information'),
(332, 'question'),
(333, 'large business organization'),
(334, 'quality assurance'),
(335, 'software development'),
(336, 'quality assurances tools'),
(337, 'ever-changing , complex requirements'),
(338, 'qa'),
(339, 'selecting parameters'),
(340, 'reference'),
(341, 'variety'),
(342, 'several parties'),
(343, 'process improvement goals and priorities'),
(344, 'quality and standards .'),
(345, 'prime importance'),
(346, 'high level data gathering'),
(347, 'cost-effective manner'),
(348, 'evaluation tool'),
(349, 'software houses'),
(350, 'people'),
(351, 'open'),
(352, 'information technology'),
(353, 'their software practices'),
(354, 'research & scope'),
(355, 'industry'),
(356, 'data collection'),
(357, 'information'),
(358, 'form'),
(359, 'data 3weeks'),
(360, 'current statues'),
(361, 'table'),
(362, 'goal'),
(363, 'it department'),
(364, 'existing process'),
(365, 'their operation'),
(366, 'supervisor'),
(367, 'conclusion'),
(368, 'business success'),
(369, 'estimated project'),
(370, 'their stakeholders'),
(371, 'end-users , supervisors and managers'),
(372, 'selected leading it companies'),
(373, 'srs and requirement'),
(374, 'line'),
(375, 'cmmi .'),
(376, 'prime importance .'),
(377, 'your connection'),
(378, 'intended use'),
(379, 'undo file format'),
(380, 'personal or team oriented'),
(381, 'key factor'),
(382, 'mbps broadband internet connectivity .'),
(383, 'research'),
(384, 'process'),
(385, 'point'),
(386, '`` computerized system '''''),
(387, 'base line'),
(388, 'bug'),
(389, 'current processes'),
(390, 'essential elements'),
(391, 'undo'),
(392, 'actual testing'),
(393, 'most recent data'),
(394, 'free version'),
(395, 'suminda s. vinodahewa .'),
(396, 'quality processes'),
(397, 'base line .'),
(398, 'work'),
(399, 'internal process'),
(400, 'check list5weeks'),
(401, 'enterprise'),
(402, 'quick view disciplines'),
(403, 'most widely used management tools'),
(404, 'environment'),
(405, 'automating paper-based quality management processes'),
(406, 'presentation'),
(407, 'company'),
(408, 'regulation'),
(409, 'm. sc .'),
(410, 'multipart international standards'),
(411, 'one'),
(412, 'thorough software testing'),
(413, 'adequate quality'),
(414, 'solution'),
(415, 'fulfil'),
(416, 'dr. james a. bednar & dr. david robertson'),
(417, 'rtm ,'),
(418, 'engineering institute'),
(419, 'microsoft'),
(420, 'signoff process .'),
(421, 'several sub'),
(422, 'software quality page'),
(423, 'capability maturity model integration -lrb- cmmi -rrb-'),
(424, 'mean'),
(425, 'selected sample'),
(426, 'collected data'),
(427, 'comprehensive specification and evaluation'),
(428, 'today ''s'),
(429, 'change management'),
(430, 'definition'),
(431, 'code review'),
(432, 'unpleasant experiences'),
(433, 'quality management standard'),
(434, 'software safety'),
(435, 'final product'),
(436, 'fundamental'),
(437, 'group'),
(438, 'slstb'),
(439, 'total'),
(440, 'probabilistic context free grammar'),
(441, 'different representations'),
(442, 'stanford parser'),
(443, 'development'),
(444, 'dependent'),
(445, 'sentence'),
(446, 'java knowledge'),
(447, 'governor'),
(448, 'dependency'),
(449, 'phrase structure'),
(450, 'android application development'),
(451, 'figure shows'),
(452, 'name'),
(453, 'parsing'),
(454, 'probability'),
(455, 'intermediate step'),
(456, 'information'),
(457, 'different level'),
(458, 'java based typed dependency parser'),
(459, 'phrase structure tree'),
(460, 'different access methods'),
(461, 'relation'),
(462, 'efficiently'),
(463, 'free grammar rules'),
(464, 'typed dependencies'),
(465, 'triplet'),
(466, 'output'),
(467, 'parser');

-- --------------------------------------------------------

--
-- Table structure for table `concept_doc`
--

CREATE TABLE `concept_doc` (
  `conceptId` int(11) NOT NULL,
  `docId` int(11) NOT NULL,
  `frequency` int(11) NOT NULL,
  `titleStrength` int(11) NOT NULL,
  `strength` int(11) NOT NULL
) ENGINE=InnoDB DEFAULT CHARSET=latin1;

--
-- Dumping data for table `concept_doc`
--

INSERT INTO `concept_doc` (`conceptId`, `docId`, `frequency`, `titleStrength`, `strength`) VALUES
(1, 1, 3, 0, 0),
(2, 1, 1, 0, 0),
(3, 1, 1, 0, 0),
(4, 1, 1, 0, 0),
(5, 1, 1, 0, 0),
(6, 1, 1, 0, 0),
(7, 1, 1, 0, 0),
(8, 1, 2, 0, 0),
(9, 1, 1, 0, 0),
(10, 1, 1, 0, 0),
(11, 1, 1, 0, 0),
(12, 1, 1, 0, 0),
(13, 1, 1, 0, 0),
(14, 1, 1, 0, 0),
(15, 1, 1, 0, 0),
(16, 1, 1, 0, 0),
(17, 1, 1, 0, 0),
(18, 1, 2, 0, 0),
(19, 1, 1, 0, 0),
(20, 1, 1, 0, 0),
(21, 1, 1, 0, 0),
(22, 1, 2, 0, 0),
(23, 1, 1, 0, 0),
(24, 1, 1, 0, 0),
(25, 1, 1, 0, 0),
(26, 1, 1, 0, 0),
(27, 1, 1, 0, 0),
(28, 1, 1, 0, 0),
(29, 1, 1, 0, 0),
(30, 1, 1, 0, 0),
(31, 1, 1, 0, 0),
(32, 1, 1, 0, 0),
(33, 1, 1, 0, 0),
(34, 1, 1, 0, 0),
(35, 1, 1, 0, 0),
(36, 1, 1, 0, 0),
(37, 1, 1, 0, 0),
(38, 1, 1, 0, 0),
(39, 1, 1, 0, 0),
(40, 1, 1, 0, 0),
(41, 1, 1, 0, 0),
(42, 1, 1, 0, 0),
(43, 1, 1, 0, 0),
(44, 1, 1, 0, 0),
(45, 1, 1, 0, 0),
(46, 1, 2, 0, 0),
(47, 1, 1, 0, 0),
(48, 1, 1, 0, 0),
(49, 1, 1, 0, 0),
(50, 1, 1, 0, 0),
(51, 1, 1, 0, 0),
(52, 1, 1, 0, 0),
(53, 1, 1, 0, 0),
(54, 1, 1, 0, 0),
(55, 1, 1, 0, 0),
(56, 1, 1, 0, 0),
(57, 1, 1, 0, 0),
(58, 1, 2, 0, 0),
(59, 1, 1, 0, 0),
(60, 1, 1, 0, 0),
(61, 1, 1, 0, 0),
(62, 1, 2, 0, 0),
(63, 1, 1, 0, 0),
(64, 1, 1, 0, 0),
(65, 1, 1, 0, 0),
(66, 1, 1, 0, 0),
(67, 1, 1, 0, 0),
(68, 1, 1, 0, 0),
(69, 1, 1, 0, 0),
(70, 1, 1, 0, 0),
(71, 1, 1, 0, 0),
(72, 1, 1, 0, 0),
(73, 1, 1, 0, 0),
(74, 1, 1, 0, 0),
(75, 1, 1, 0, 0),
(76, 1, 1, 0, 0),
(77, 1, 1, 0, 0),
(78, 1, 1, 0, 0),
(79, 1, 1, 0, 0),
(80, 1, 1, 0, 0),
(81, 1, 1, 0, 0),
(82, 1, 1, 0, 0),
(83, 1, 1, 0, 0),
(84, 1, 1, 0, 0),
(85, 1, 1, 0, 0),
(86, 1, 1, 0, 0),
(87, 1, 1, 0, 0),
(88, 1, 1, 0, 0),
(89, 1, 1, 0, 0),
(90, 1, 1, 0, 0),
(91, 1, 1, 0, 0),
(92, 1, 1, 0, 0),
(93, 1, 1, 0, 0),
(94, 1, 1, 0, 0),
(95, 1, 1, 0, 0),
(96, 1, 1, 0, 0),
(97, 1, 2, 0, 0),
(98, 1, 1, 0, 0),
(99, 1, 1, 0, 0),
(100, 1, 2, 0, 0),
(101, 1, 2, 0, 0),
(102, 1, 1, 0, 0),
(103, 1, 1, 0, 0),
(104, 1, 1, 0, 0),
(105, 1, 1, 0, 0),
(106, 1, 1, 0, 0),
(107, 1, 1, 0, 0),
(108, 1, 1, 0, 0),
(109, 1, 2, 0, 0),
(110, 1, 1, 0, 0),
(111, 1, 1, 0, 0),
(112, 1, 1, 0, 0),
(113, 1, 1, 0, 0),
(114, 1, 1, 0, 0),
(115, 1, 1, 0, 0),
(116, 1, 1, 0, 0),
(117, 1, 1, 0, 0),
(118, 1, 1, 0, 0),
(119, 1, 1, 0, 0),
(120, 1, 1, 0, 0),
(121, 1, 1, 0, 0),
(122, 1, 1, 0, 0),
(123, 1, 1, 0, 0),
(124, 1, 1, 0, 0),
(125, 1, 1, 0, 0),
(126, 1, 1, 0, 0),
(127, 1, 1, 0, 0),
(128, 1, 1, 0, 0),
(129, 1, 1, 0, 0),
(130, 1, 1, 0, 0),
(131, 1, 1, 0, 0),
(132, 1, 1, 0, 0),
(133, 1, 1, 0, 0),
(134, 1, 1, 0, 0),
(135, 1, 1, 8, 0),
(136, 1, 1, 0, 0),
(137, 1, 1, 0, 0),
(138, 1, 1, 0, 0),
(139, 1, 1, 0, 0),
(140, 1, 1, 0, 0),
(141, 1, 1, 0, 0),
(142, 1, 1, 0, 0),
(143, 1, 1, 0, 0),
(144, 1, 1, 0, 0),
(145, 1, 1, 0, 0),
(146, 1, 1, 0, 0),
(147, 1, 1, 0, 0),
(148, 1, 1, 0, 0),
(149, 1, 1, 0, 0),
(150, 1, 1, 0, 0),
(151, 1, 1, 0, 0),
(152, 1, 1, 0, 0),
(153, 1, 2, 0, 0),
(154, 1, 1, 0, 0),
(155, 1, 1, 0, 0),
(156, 1, 1, 0, 0),
(157, 1, 2, 0, 0),
(158, 1, 1, 0, 0),
(159, 1, 1, 0, 0),
(160, 1, 1, 0, 0),
(161, 1, 1, 0, 0),
(162, 1, 1, 0, 0),
(163, 1, 2, 0, 0),
(164, 1, 1, 0, 0),
(165, 1, 1, 0, 0),
(166, 1, 1, 0, 0),
(167, 1, 1, 0, 0),
(168, 1, 1, 0, 0),
(169, 1, 1, 0, 0),
(170, 1, 1, 0, 0),
(171, 1, 1, 0, 0),
(172, 1, 1, 0, 0),
(173, 1, 1, 0, 0),
(174, 1, 1, 0, 0),
(175, 1, 1, 0, 0),
(176, 1, 1, 0, 0),
(177, 1, 1, 0, 0),
(178, 1, 1, 0, 0),
(179, 1, 1, 0, 0),
(180, 1, 1, 0, 0),
(181, 1, 1, 0, 0),
(182, 1, 1, 0, 0),
(183, 1, 1, 0, 0),
(184, 1, 1, 0, 0),
(185, 1, 1, 0, 0),
(186, 1, 1, 0, 0),
(187, 1, 1, 0, 0),
(188, 1, 1, 0, 0),
(189, 1, 1, 0, 0),
(190, 1, 1, 0, 0),
(191, 1, 1, 0, 0),
(192, 1, 1, 0, 0),
(193, 1, 1, 0, 0),
(194, 1, 1, 0, 0),
(195, 1, 1, 0, 0),
(196, 1, 1, 0, 0),
(197, 1, 1, 0, 0),
(198, 1, 1, 0, 0),
(199, 1, 1, 0, 0),
(200, 1, 1, 0, 0),
(201, 1, 1, 0, 0),
(202, 1, 1, 0, 0),
(203, 1, 1, 0, 0),
(204, 1, 1, 0, 0),
(205, 1, 1, 5, 0),
(206, 1, 1, 0, 0),
(207, 1, 2, 0, 0),
(208, 1, 1, 0, 0),
(209, 1, 1, 0, 0),
(210, 1, 1, 0, 0),
(211, 1, 1, 0, 0),
(212, 1, 1, 0, 0),
(213, 1, 1, 3, 0),
(214, 1, 1, 0, 0),
(215, 1, 1, 0, 0),
(216, 1, 1, 0, 0),
(217, 1, 1, 0, 0),
(218, 1, 1, 0, 0),
(219, 1, 1, 0, 0),
(220, 1, 1, 0, 0),
(221, 1, 1, 0, 0),
(222, 1, 1, 0, 0),
(223, 1, 1, 0, 0),
(224, 1, 1, 0, 0),
(225, 1, 2, 3, 0),
(226, 1, 1, 0, 0),
(227, 1, 1, 0, 0),
(228, 1, 2, 0, 0),
(229, 1, 1, 0, 0),
(230, 1, 2, 0, 0),
(231, 1, 1, 0, 0),
(232, 1, 1, 0, 0),
(233, 1, 1, 0, 0),
(234, 1, 1, 0, 0),
(235, 1, 1, 0, 0),
(236, 1, 1, 0, 0),
(237, 1, 1, 0, 0),
(238, 1, 1, 0, 0),
(239, 1, 1, 0, 0),
(240, 1, 1, 0, 0),
(241, 1, 3, 0, 0),
(242, 1, 1, 0, 0),
(243, 1, 1, 0, 0),
(244, 1, 1, 0, 0),
(245, 1, 1, 0, 0),
(246, 1, 1, 0, 0),
(247, 1, 1, 0, 0),
(248, 1, 1, 0, 0),
(249, 1, 1, 0, 0),
(250, 1, 1, 0, 0),
(251, 1, 1, 0, 0),
(252, 1, 1, 0, 0),
(253, 1, 1, 0, 0),
(254, 1, 1, 0, 0),
(255, 1, 1, 0, 0),
(256, 1, 1, 0, 0),
(257, 1, 1, 0, 0),
(258, 1, 1, 0, 0),
(259, 1, 1, 0, 0),
(260, 1, 1, 0, 0),
(261, 1, 1, 0, 0),
(262, 1, 1, 0, 0),
(263, 1, 1, 0, 0),
(264, 1, 1, 0, 0),
(265, 1, 1, 0, 0),
(266, 1, 1, 0, 0),
(267, 1, 1, 0, 0),
(268, 1, 1, 0, 0),
(269, 1, 1, 0, 0),
(270, 1, 1, 0, 0),
(271, 1, 1, 0, 0),
(272, 1, 1, 0, 0),
(273, 1, 1, 0, 0),
(274, 1, 1, 0, 0),
(275, 1, 1, 0, 0),
(276, 1, 1, 0, 0),
(277, 1, 1, 0, 0),
(278, 1, 1, 0, 0),
(279, 1, 1, 0, 0),
(280, 1, 1, 0, 0),
(281, 1, 1, 0, 0),
(282, 1, 1, 0, 0),
(283, 1, 1, 0, 0),
(284, 1, 1, 0, 0),
(285, 1, 1, 0, 0),
(286, 1, 1, 3, 0),
(287, 1, 1, 0, 0),
(288, 1, 1, 0, 0),
(289, 1, 1, 0, 0),
(290, 1, 1, 0, 0),
(291, 1, 1, 0, 0),
(292, 1, 1, 0, 0),
(293, 1, 1, 0, 0),
(294, 1, 1, 0, 0),
(295, 1, 2, 0, 0),
(296, 1, 1, 0, 0),
(297, 1, 1, 0, 0),
(298, 1, 1, 0, 0),
(299, 1, 1, 0, 0),
(300, 1, 1, 0, 0),
(301, 1, 1, 0, 0),
(302, 1, 1, 0, 0),
(303, 1, 1, 0, 0),
(304, 1, 1, 0, 0),
(305, 1, 1, 0, 0),
(306, 1, 2, 0, 0),
(307, 1, 1, 0, 0),
(308, 1, 1, 0, 0),
(309, 1, 1, 0, 0),
(310, 1, 1, 0, 0),
(311, 1, 1, 0, 0),
(312, 1, 1, 0, 0),
(313, 1, 1, 0, 0),
(314, 1, 1, 0, 0),
(315, 1, 1, 0, 0),
(316, 1, 1, 0, 0),
(317, 1, 1, 0, 0),
(318, 1, 1, 0, 0),
(319, 1, 1, 0, 0),
(320, 1, 1, 0, 0),
(321, 1, 1, 0, 0),
(322, 1, 2, 0, 0),
(323, 1, 1, 0, 0),
(324, 1, 1, 0, 0),
(325, 1, 1, 0, 0),
(326, 1, 1, 0, 0),
(327, 1, 1, 0, 0),
(328, 1, 1, 0, 0),
(329, 1, 1, 0, 0),
(330, 1, 1, 0, 0),
(331, 1, 1, 0, 0),
(332, 1, 1, 0, 0),
(333, 1, 1, 0, 0),
(334, 1, 2, 0, 0),
(335, 1, 1, 0, 0),
(336, 1, 1, 0, 0),
(337, 1, 1, 0, 0),
(338, 1, 1, 0, 0),
(339, 1, 1, 0, 0),
(340, 1, 1, 5, 0),
(341, 1, 1, 0, 0),
(342, 1, 1, 0, 0),
(343, 1, 1, 0, 0),
(344, 1, 1, 0, 0),
(345, 1, 1, 0, 0),
(346, 1, 1, 0, 0),
(347, 1, 1, 0, 0),
(348, 1, 1, 0, 0),
(349, 1, 1, 0, 0),
(350, 1, 1, 0, 0),
(351, 1, 1, 0, 0),
(352, 1, 2, 0, 0),
(353, 1, 1, 0, 0),
(354, 1, 1, 0, 0),
(355, 1, 1, 0, 0),
(356, 1, 2, 5, 0),
(357, 1, 1, 0, 0),
(358, 1, 1, 0, 0),
(359, 1, 1, 0, 0),
(360, 1, 1, 0, 0),
(361, 1, 1, 0, 0),
(362, 1, 1, 0, 0),
(363, 1, 1, 0, 0),
(364, 1, 1, 0, 0),
(365, 1, 1, 0, 0),
(366, 1, 1, 0, 0),
(367, 1, 1, 0, 0),
(368, 1, 1, 0, 0),
(369, 1, 1, 0, 0),
(370, 1, 1, 0, 0),
(371, 1, 1, 0, 0),
(372, 1, 1, 0, 0),
(373, 1, 1, 0, 0),
(374, 1, 1, 0, 0),
(375, 1, 1, 0, 0),
(376, 1, 1, 0, 0),
(377, 1, 1, 0, 0),
(378, 1, 1, 0, 0),
(379, 1, 1, 0, 0),
(380, 1, 1, 0, 0),
(381, 1, 1, 0, 0),
(382, 1, 1, 0, 0),
(383, 1, 2, 5, 0),
(384, 1, 3, 0, 0),
(385, 1, 1, 0, 0),
(386, 1, 1, 0, 0),
(387, 1, 2, 0, 0),
(388, 1, 2, 0, 0),
(389, 1, 1, 0, 0),
(390, 1, 1, 0, 0),
(391, 1, 1, 0, 0),
(392, 1, 1, 0, 0),
(393, 1, 1, 0, 0),
(394, 1, 1, 0, 0),
(395, 1, 1, 0, 0),
(396, 1, 1, 0, 0),
(397, 1, 1, 0, 0),
(398, 1, 1, 0, 0),
(399, 1, 1, 0, 0),
(400, 1, 1, 0, 0),
(401, 1, 1, 0, 0),
(402, 1, 1, 0, 0),
(403, 1, 1, 0, 0),
(404, 1, 1, 0, 0),
(405, 1, 1, 0, 0),
(406, 1, 1, 0, 0),
(407, 1, 2, 0, 0),
(408, 1, 1, 0, 0),
(409, 1, 1, 0, 0),
(410, 1, 1, 0, 0),
(411, 1, 1, 0, 0),
(412, 1, 1, 0, 0),
(413, 1, 1, 0, 0),
(414, 1, 1, 0, 0),
(415, 1, 1, 0, 0),
(416, 1, 1, 0, 0),
(417, 1, 1, 0, 0),
(418, 1, 1, 0, 0),
(419, 1, 1, 0, 0),
(420, 1, 1, 0, 0),
(421, 1, 1, 0, 0),
(422, 1, 1, 0, 0),
(423, 1, 1, 0, 0),
(424, 1, 1, 0, 0),
(425, 1, 1, 0, 0),
(426, 1, 1, 0, 0),
(427, 1, 1, 0, 0),
(428, 1, 1, 0, 0),
(429, 1, 1, 0, 0),
(430, 1, 1, 0, 0),
(431, 1, 1, 0, 0),
(432, 1, 1, 0, 0),
(433, 1, 1, 0, 0),
(434, 1, 1, 0, 0),
(435, 1, 1, 0, 0),
(436, 1, 1, 0, 0),
(437, 1, 1, 0, 0),
(438, 1, 1, 0, 0),
(439, 2, 1, 0, 0),
(440, 2, 1, 0, 0),
(441, 2, 1, 0, 0),
(442, 2, 1, 5, 0),
(443, 2, 1, 0, 0),
(444, 2, 1, 0, 0),
(445, 2, 1, 0, 0),
(446, 2, 1, 0, 0),
(447, 2, 1, 0, 0),
(448, 2, 1, 0, 0),
(449, 2, 1, 0, 0),
(450, 2, 1, 0, 0),
(451, 2, 1, 0, 0),
(452, 2, 1, 0, 0),
(453, 2, 1, 0, 0),
(454, 2, 1, 0, 0),
(455, 2, 1, 0, 0),
(456, 2, 1, 0, 0),
(457, 2, 1, 0, 0),
(458, 2, 1, 0, 0),
(459, 2, 2, 0, 0),
(460, 2, 1, 0, 0),
(461, 2, 1, 0, 0),
(462, 2, 1, 0, 0),
(463, 2, 1, 0, 0),
(464, 2, 1, 0, 0),
(465, 2, 1, 0, 0),
(466, 2, 1, 0, 0),
(467, 2, 1, 0, 0);

-- --------------------------------------------------------

--
-- Table structure for table `documents`
--

CREATE TABLE `documents` (
  `docId` int(11) NOT NULL auto_increment,
  `docURI` varchar(255) NOT NULL,
  `name` varchar(255) NOT NULL,
  `size` float NOT NULL,
  PRIMARY KEY  (`docId`)
) ENGINE=InnoDB  DEFAULT CHARSET=latin1 AUTO_INCREMENT=3 ;

--
-- Dumping data for table `documents`
--

INSERT INTO `documents` (`docId`, `docURI`, `name`, `size`) VALUES
(1, 'InterXML//1344510832982.xml', '', 0),
(2, 'InterXML//1344523355003.xml', '', 0);

-- --------------------------------------------------------

--
-- Table structure for table `related_concept`
--

CREATE TABLE `related_concept` (
  `conceptId` int(11) NOT NULL,
  `relId` int(11) NOT NULL
) ENGINE=InnoDB DEFAULT CHARSET=latin1;

--
-- Dumping data for table `related_concept`
--

INSERT INTO `related_concept` (`conceptId`, `relId`) VALUES
(1, 1),
(1, 2),
(1, 3),
(1, 4),
(1, 5),
(1, 6),
(1, 7),
(1, 8),
(1, 9),
(1, 10),
(1, 11),
(1, 12),
(1, 13),
(1, 14),
(1, 15),
(1, 16),
(1, 17),
(1, 18),
(1, 19),
(2, 20),
(2, 21),
(2, 22),
(2, 23),
(2, 24),
(2, 25),
(2, 26),
(2, 27),
(2, 28),
(3, 29),
(3, 30),
(3, 31),
(3, 32),
(3, 33),
(4, 34),
(4, 35),
(4, 36),
(4, 37),
(4, 38),
(4, 39),
(5, 40),
(5, 41),
(5, 42),
(6, 43),
(6, 44),
(6, 45),
(6, 46),
(7, 47),
(7, 48),
(7, 49),
(7, 50),
(7, 51),
(7, 52),
(7, 53),
(7, 54),
(7, 55),
(7, 56),
(7, 57),
(7, 58),
(7, 59),
(7, 60),
(8, 61),
(8, 62),
(8, 63),
(8, 64),
(8, 65),
(8, 66),
(8, 67),
(8, 68),
(8, 69),
(8, 70),
(8, 71),
(8, 72),
(8, 73),
(9, 74),
(9, 75),
(9, 76),
(9, 77),
(9, 78),
(9, 79),
(9, 80),
(9, 81),
(9, 82),
(9, 83),
(9, 84),
(9, 85),
(9, 86),
(9, 87),
(9, 88),
(9, 89),
(9, 90),
(9, 91),
(9, 92),
(9, 93),
(9, 94),
(9, 95),
(9, 96),
(9, 97),
(9, 98),
(9, 99),
(10, 100),
(10, 101),
(10, 102),
(10, 103),
(11, 104),
(11, 105),
(11, 106),
(11, 107),
(11, 108),
(11, 109),
(11, 110),
(11, 111),
(12, 112),
(12, 113),
(12, 114),
(12, 115),
(12, 116),
(12, 117),
(13, 118),
(14, 119),
(14, 120),
(14, 121),
(14, 122),
(14, 123),
(15, 124),
(15, 125),
(15, 126),
(15, 127),
(15, 128),
(16, 129),
(16, 130),
(17, 131),
(17, 132),
(17, 133),
(17, 134),
(17, 135),
(17, 136),
(18, 137),
(18, 138),
(18, 139),
(18, 140),
(18, 141),
(18, 142),
(18, 143),
(18, 144),
(18, 145),
(18, 146),
(18, 147),
(18, 148),
(18, 149),
(19, 150),
(19, 151),
(19, 152),
(19, 153),
(19, 154),
(20, 155),
(20, 156),
(20, 157),
(21, 158),
(22, 159),
(22, 160),
(22, 161),
(22, 162),
(22, 163),
(22, 164),
(22, 165),
(22, 166),
(22, 167),
(22, 168),
(22, 169),
(22, 170),
(22, 171),
(22, 172),
(22, 173),
(22, 174),
(22, 175),
(22, 176),
(22, 177),
(22, 178),
(22, 179),
(22, 180),
(22, 181),
(22, 182),
(22, 183),
(22, 184),
(22, 185),
(23, 186),
(23, 187),
(23, 188),
(23, 189),
(23, 190),
(23, 191),
(23, 192),
(23, 193),
(25, 194),
(25, 195),
(26, 196),
(26, 197),
(26, 198),
(26, 199),
(26, 200),
(28, 201),
(28, 202),
(28, 203),
(28, 204),
(29, 205),
(29, 206),
(29, 207),
(30, 208),
(30, 209),
(30, 210),
(30, 211),
(30, 212),
(30, 213),
(30, 214),
(30, 215),
(30, 216),
(31, 217),
(31, 218),
(32, 219),
(32, 220),
(32, 221),
(32, 222),
(32, 223),
(32, 224),
(32, 225),
(32, 226),
(33, 227),
(33, 228),
(33, 229),
(34, 230),
(35, 231),
(35, 232),
(35, 233),
(35, 234),
(36, 235),
(36, 236),
(36, 237),
(36, 238),
(36, 239),
(36, 240),
(36, 241),
(36, 242),
(37, 243),
(38, 244),
(38, 245),
(38, 246),
(38, 247),
(38, 248),
(38, 249),
(38, 250),
(39, 251),
(39, 252),
(39, 253),
(39, 254),
(39, 255),
(39, 256),
(39, 257),
(39, 258),
(40, 259),
(40, 260),
(40, 261),
(41, 262),
(41, 263),
(42, 264),
(42, 265),
(42, 266),
(43, 267),
(43, 268),
(43, 269),
(43, 270),
(44, 271),
(44, 272),
(44, 273),
(44, 274),
(44, 275),
(45, 276),
(45, 277),
(45, 278),
(46, 279),
(46, 280),
(46, 281),
(47, 282),
(47, 283),
(47, 284),
(48, 285),
(48, 286),
(48, 287),
(48, 288),
(48, 289),
(48, 290),
(48, 291),
(48, 292),
(48, 293),
(49, 294),
(49, 295),
(49, 296),
(49, 297),
(50, 298),
(50, 299),
(50, 300),
(51, 301),
(51, 302),
(51, 303),
(51, 304),
(52, 305),
(52, 306),
(52, 307),
(52, 308),
(52, 309),
(52, 310),
(52, 311),
(52, 312),
(52, 313),
(52, 314),
(52, 315),
(52, 316),
(52, 317),
(52, 318),
(53, 319),
(53, 320),
(53, 321),
(53, 322),
(53, 323),
(53, 324),
(53, 325),
(53, 326),
(54, 327),
(54, 328),
(54, 329),
(54, 330),
(54, 331),
(54, 332),
(54, 333),
(54, 334),
(54, 335),
(55, 336),
(56, 337),
(56, 338),
(57, 339),
(58, 340),
(58, 341),
(58, 342),
(58, 343),
(58, 344),
(58, 345),
(58, 346),
(58, 347),
(58, 348),
(58, 349),
(58, 350),
(58, 351),
(58, 352),
(58, 353),
(58, 354),
(60, 355),
(60, 356),
(60, 357),
(60, 358),
(60, 359),
(60, 360),
(60, 361),
(61, 362),
(61, 363),
(61, 364),
(61, 365),
(61, 366),
(61, 367),
(62, 368),
(62, 369),
(62, 370),
(62, 371),
(62, 372),
(62, 373),
(62, 374),
(62, 375),
(62, 376),
(62, 377),
(62, 378),
(62, 379),
(62, 380),
(62, 381),
(62, 382),
(62, 383),
(62, 384),
(62, 385),
(62, 386),
(62, 387),
(62, 388),
(62, 389),
(62, 390),
(62, 391),
(62, 392),
(62, 393),
(62, 394),
(62, 395),
(62, 396),
(62, 397),
(62, 398),
(62, 399),
(62, 400),
(62, 401),
(62, 402),
(62, 403),
(62, 404),
(62, 405),
(62, 406),
(63, 407),
(63, 408),
(63, 409),
(63, 410),
(63, 411),
(63, 412),
(63, 413),
(63, 414),
(64, 415),
(64, 416),
(65, 417),
(66, 418),
(66, 419),
(66, 420),
(66, 421),
(67, 422),
(67, 423),
(67, 424),
(68, 425),
(68, 426),
(68, 427),
(68, 428),
(69, 429),
(69, 430),
(70, 431),
(70, 432),
(70, 433),
(70, 434),
(70, 435),
(70, 436),
(70, 437),
(70, 438),
(71, 439),
(71, 440),
(71, 441),
(71, 442),
(71, 443),
(71, 444),
(72, 445),
(72, 446),
(72, 447),
(72, 448),
(72, 449),
(73, 450),
(73, 451),
(73, 452),
(73, 453),
(74, 454),
(74, 455),
(75, 456),
(75, 457),
(75, 458),
(75, 459),
(75, 460),
(75, 461),
(75, 462),
(75, 463),
(76, 464),
(77, 465),
(77, 466),
(77, 467),
(78, 468),
(78, 469),
(78, 470),
(79, 471),
(79, 472),
(79, 473),
(79, 474),
(79, 475),
(79, 476),
(79, 477),
(79, 478),
(80, 479),
(80, 480),
(80, 481),
(81, 482),
(83, 483),
(83, 484),
(84, 485),
(84, 486),
(84, 487),
(84, 488),
(84, 489),
(84, 490),
(84, 491),
(85, 492),
(85, 493),
(85, 494),
(85, 495),
(85, 496),
(85, 497),
(85, 498),
(85, 499),
(86, 500),
(86, 501),
(87, 502),
(87, 503),
(87, 504),
(87, 505),
(87, 506),
(87, 507),
(87, 508),
(88, 509),
(88, 510),
(88, 511),
(88, 512),
(88, 513),
(88, 514),
(88, 515),
(88, 516),
(89, 517),
(89, 518),
(89, 519),
(90, 520),
(90, 521),
(90, 522),
(90, 523),
(90, 524),
(90, 525),
(90, 526),
(90, 527),
(90, 528),
(91, 529),
(91, 530),
(92, 531),
(92, 532),
(93, 533),
(93, 534),
(93, 535),
(94, 536),
(94, 537),
(94, 538),
(94, 539),
(94, 540),
(94, 541),
(94, 542),
(94, 543),
(94, 544),
(94, 545),
(94, 546),
(94, 547),
(95, 548),
(95, 549),
(95, 550),
(95, 551),
(95, 552),
(95, 553),
(95, 554),
(96, 555),
(96, 556),
(96, 557),
(97, 558),
(97, 559),
(97, 560),
(97, 561),
(97, 562),
(97, 563),
(97, 564),
(97, 565),
(97, 566),
(97, 567),
(97, 568),
(97, 569),
(97, 570),
(97, 571),
(97, 572),
(97, 573),
(98, 574),
(98, 575),
(98, 576),
(99, 577),
(99, 578),
(99, 579),
(99, 580),
(99, 581),
(99, 582),
(100, 583),
(100, 584),
(100, 585),
(100, 586),
(100, 587),
(100, 588),
(100, 589),
(100, 590),
(100, 591),
(100, 592),
(100, 593),
(100, 594),
(100, 595),
(100, 596),
(100, 597),
(101, 598),
(101, 599),
(101, 600),
(101, 601),
(101, 602),
(101, 603),
(101, 604),
(101, 605),
(101, 606),
(101, 607),
(101, 608),
(101, 609),
(101, 610),
(101, 611),
(101, 612),
(101, 613),
(101, 614),
(101, 615),
(101, 616),
(101, 617),
(101, 618),
(101, 619),
(101, 620),
(101, 621),
(101, 622),
(101, 623),
(101, 624),
(101, 625),
(101, 626),
(101, 627),
(101, 628),
(101, 629),
(101, 630),
(101, 631),
(101, 632),
(102, 633),
(102, 634),
(103, 635),
(103, 636),
(103, 637),
(103, 638),
(103, 639),
(103, 640),
(104, 641),
(104, 642),
(104, 643),
(105, 644),
(105, 645),
(105, 646),
(105, 647),
(106, 648),
(106, 649),
(106, 650),
(106, 651),
(106, 652),
(106, 653),
(107, 654),
(107, 655),
(107, 656),
(107, 657),
(107, 658),
(108, 659),
(108, 660),
(109, 661),
(109, 662),
(109, 663),
(109, 664),
(109, 665),
(109, 666),
(109, 667),
(109, 668),
(109, 669),
(109, 670),
(111, 671),
(112, 672),
(112, 673),
(112, 674),
(112, 675),
(112, 676),
(112, 677),
(112, 678),
(112, 679),
(113, 680),
(113, 681),
(114, 682),
(114, 683),
(114, 684),
(114, 685),
(114, 686),
(114, 687),
(114, 688),
(114, 689),
(114, 690),
(115, 691),
(115, 692),
(116, 693),
(116, 694),
(116, 695),
(117, 696),
(117, 697),
(117, 698),
(117, 699),
(117, 700),
(117, 701),
(117, 702),
(117, 703),
(118, 704),
(119, 705),
(119, 706),
(119, 707),
(119, 708),
(119, 709),
(119, 710),
(119, 711),
(119, 712),
(119, 713),
(120, 714),
(120, 715),
(120, 716),
(120, 717),
(121, 718),
(121, 719),
(121, 720),
(121, 721),
(122, 722),
(122, 723),
(122, 724),
(122, 725),
(122, 726),
(122, 727),
(122, 728),
(123, 729),
(125, 730),
(125, 731),
(125, 732),
(125, 733),
(125, 734),
(125, 735),
(126, 736),
(126, 737),
(126, 738),
(127, 739),
(127, 740),
(128, 741),
(128, 742),
(128, 743),
(129, 744),
(129, 745),
(129, 746),
(130, 747),
(130, 748),
(130, 749),
(130, 750),
(131, 751),
(132, 752),
(132, 753),
(132, 754),
(132, 755),
(132, 756),
(132, 757),
(132, 758),
(134, 759),
(134, 760),
(134, 761),
(134, 762),
(135, 763),
(135, 764),
(135, 765),
(135, 766),
(135, 767),
(135, 768),
(135, 769),
(135, 770),
(135, 771),
(135, 772),
(135, 773),
(136, 774),
(136, 775),
(136, 776),
(136, 777),
(137, 778),
(137, 779),
(137, 780),
(138, 781),
(138, 782),
(138, 783),
(138, 784),
(138, 785),
(138, 786),
(138, 787),
(138, 788),
(139, 789),
(140, 790),
(140, 791),
(140, 792),
(140, 793),
(140, 794),
(140, 795),
(141, 796),
(141, 797),
(141, 798),
(141, 799),
(142, 800),
(142, 801),
(142, 802),
(142, 803),
(142, 804),
(142, 805),
(142, 806),
(143, 807),
(143, 808),
(143, 809),
(144, 810),
(144, 811),
(145, 812),
(145, 813),
(145, 814),
(145, 815),
(145, 816),
(145, 817),
(145, 818),
(146, 819),
(147, 820),
(148, 821),
(148, 822),
(148, 823),
(148, 824),
(148, 825),
(148, 826),
(148, 827),
(149, 828),
(149, 829),
(150, 830),
(150, 831),
(150, 832),
(151, 833),
(151, 834),
(151, 835),
(151, 836),
(152, 837),
(153, 838),
(153, 839),
(153, 840),
(153, 841),
(153, 842),
(153, 843),
(153, 844),
(154, 845),
(154, 846),
(154, 847),
(154, 848),
(154, 849),
(155, 850),
(157, 851),
(157, 852),
(157, 853),
(157, 854),
(157, 855),
(157, 856),
(157, 857),
(157, 858),
(157, 859),
(157, 860),
(157, 861),
(157, 862),
(157, 863),
(157, 864),
(157, 865),
(157, 866),
(157, 867),
(158, 868),
(158, 869),
(159, 870),
(159, 871),
(159, 872),
(159, 873),
(160, 874),
(161, 875),
(161, 876),
(161, 877),
(161, 878),
(161, 879),
(161, 880),
(161, 881),
(161, 882),
(161, 883),
(161, 884),
(161, 885),
(162, 886),
(162, 887),
(162, 888),
(162, 889),
(162, 890),
(162, 891),
(163, 892),
(163, 893),
(164, 894),
(164, 895),
(164, 896),
(164, 897),
(164, 898),
(164, 899),
(165, 900),
(165, 901),
(166, 902),
(166, 903),
(166, 904),
(166, 905),
(166, 906),
(166, 907),
(166, 908),
(166, 909),
(167, 910),
(167, 911),
(169, 912),
(170, 913),
(170, 914),
(170, 915),
(171, 916),
(172, 917),
(173, 918),
(173, 919),
(173, 920),
(173, 921),
(173, 922),
(173, 923),
(173, 924),
(173, 925),
(173, 926),
(174, 927),
(175, 928),
(176, 929),
(176, 930),
(176, 931),
(176, 932),
(176, 933),
(177, 934),
(177, 935),
(177, 936),
(177, 937),
(177, 938),
(177, 939),
(177, 940),
(177, 941),
(178, 942),
(178, 943),
(178, 944),
(178, 945),
(180, 946),
(180, 947),
(180, 948),
(181, 949),
(181, 950),
(181, 951),
(182, 952),
(182, 953),
(183, 954),
(183, 955),
(184, 956),
(184, 957),
(184, 958),
(184, 959),
(184, 960),
(184, 961),
(184, 962),
(184, 963),
(185, 964),
(185, 965),
(185, 966),
(185, 967),
(185, 968),
(185, 969),
(186, 970),
(186, 971),
(186, 972),
(186, 973),
(186, 974),
(187, 975),
(187, 976),
(187, 977),
(187, 978),
(187, 979),
(187, 980),
(187, 981),
(188, 982),
(188, 983),
(188, 984),
(188, 985),
(188, 986),
(188, 987),
(188, 988),
(188, 989),
(189, 990),
(189, 991),
(189, 992),
(190, 993),
(191, 994),
(191, 995),
(191, 996),
(192, 997),
(192, 998),
(193, 999),
(193, 1000),
(194, 1001),
(194, 1002),
(194, 1003),
(195, 1004),
(195, 1005),
(196, 1006),
(196, 1007),
(197, 1008),
(197, 1009),
(197, 1010),
(198, 1011),
(198, 1012),
(198, 1013),
(199, 1014),
(199, 1015),
(199, 1016),
(199, 1017),
(199, 1018),
(200, 1019),
(200, 1020),
(200, 1021),
(200, 1022),
(200, 1023),
(201, 1024),
(201, 1025),
(202, 1026),
(202, 1027),
(203, 1028),
(203, 1029),
(203, 1030),
(203, 1031),
(203, 1032),
(203, 1033),
(203, 1034),
(203, 1035),
(204, 1036),
(204, 1037),
(204, 1038),
(204, 1039),
(204, 1040),
(204, 1041),
(204, 1042),
(204, 1043),
(205, 1044),
(205, 1045),
(205, 1046),
(205, 1047),
(205, 1048),
(205, 1049),
(205, 1050),
(205, 1051),
(205, 1052),
(205, 1053),
(206, 1054),
(206, 1055),
(206, 1056),
(206, 1057),
(207, 1058),
(207, 1059),
(208, 1060),
(208, 1061),
(208, 1062),
(208, 1063),
(209, 1064),
(209, 1065),
(209, 1066),
(209, 1067),
(209, 1068),
(209, 1069),
(209, 1070),
(209, 1071),
(209, 1072),
(210, 1073),
(210, 1074),
(210, 1075),
(210, 1076),
(210, 1077),
(210, 1078),
(210, 1079),
(210, 1080),
(211, 1081),
(211, 1082),
(212, 1083),
(212, 1084),
(212, 1085),
(212, 1086),
(212, 1087),
(213, 1088),
(213, 1089),
(213, 1090),
(213, 1091),
(213, 1092),
(214, 1093),
(214, 1094),
(214, 1095),
(214, 1096),
(214, 1097),
(214, 1098),
(214, 1099),
(214, 1100),
(215, 1101),
(215, 1102),
(216, 1103),
(217, 1104),
(218, 1105),
(218, 1106),
(218, 1107),
(218, 1108),
(219, 1109),
(220, 1110),
(220, 1111),
(220, 1112),
(221, 1113),
(221, 1114),
(221, 1115),
(221, 1116),
(222, 1117),
(222, 1118),
(222, 1119),
(223, 1120),
(223, 1121),
(223, 1122),
(224, 1123),
(225, 1124),
(225, 1125),
(225, 1126),
(225, 1127),
(225, 1128),
(225, 1129),
(225, 1130),
(225, 1131),
(225, 1132),
(225, 1133),
(225, 1134),
(225, 1135),
(225, 1136),
(225, 1137),
(225, 1138),
(225, 1139),
(225, 1140),
(225, 1141),
(226, 1142),
(226, 1143),
(226, 1144),
(228, 1145),
(228, 1146),
(228, 1147),
(228, 1148),
(228, 1149),
(228, 1150),
(228, 1151),
(228, 1152),
(228, 1153),
(228, 1154),
(228, 1155),
(228, 1156),
(228, 1157),
(228, 1158),
(228, 1159),
(228, 1160),
(228, 1161),
(228, 1162),
(228, 1163),
(228, 1164),
(228, 1165),
(228, 1166),
(228, 1167),
(228, 1168),
(228, 1169),
(228, 1170),
(228, 1171),
(230, 1172),
(230, 1173),
(230, 1174),
(230, 1175),
(230, 1176),
(230, 1177),
(230, 1178),
(231, 1179),
(231, 1180),
(231, 1181),
(231, 1182),
(231, 1183),
(231, 1184),
(231, 1185),
(231, 1186),
(232, 1187),
(232, 1188),
(232, 1189),
(232, 1190),
(232, 1191),
(232, 1192),
(232, 1193),
(232, 1194),
(233, 1195),
(233, 1196),
(233, 1197),
(233, 1198),
(233, 1199),
(233, 1200),
(234, 1201),
(234, 1202),
(234, 1203),
(234, 1204),
(234, 1205),
(234, 1206),
(234, 1207),
(235, 1208),
(235, 1209),
(235, 1210),
(236, 1211),
(236, 1212),
(236, 1213),
(237, 1214),
(237, 1215),
(238, 1216),
(238, 1217),
(238, 1218),
(238, 1219),
(238, 1220),
(238, 1221),
(239, 1222),
(239, 1223),
(239, 1224),
(239, 1225),
(239, 1226),
(239, 1227),
(239, 1228),
(241, 1229),
(241, 1230),
(241, 1231),
(241, 1232),
(241, 1233),
(241, 1234),
(241, 1235),
(241, 1236),
(241, 1237),
(241, 1238),
(241, 1239),
(241, 1240),
(241, 1241),
(241, 1242),
(241, 1243),
(241, 1244),
(241, 1245),
(241, 1246),
(241, 1247),
(241, 1248),
(241, 1249),
(241, 1250),
(241, 1251),
(241, 1252),
(241, 1253),
(241, 1254),
(241, 1255),
(241, 1256),
(241, 1257),
(241, 1258),
(241, 1259),
(241, 1260),
(241, 1261),
(241, 1262),
(241, 1263),
(241, 1264),
(241, 1265),
(241, 1266),
(242, 1267),
(242, 1268),
(242, 1269),
(242, 1270),
(242, 1271),
(242, 1272),
(242, 1273),
(242, 1274),
(242, 1275),
(242, 1276),
(243, 1277),
(243, 1278),
(243, 1279),
(243, 1280),
(243, 1281),
(243, 1282),
(243, 1283),
(243, 1284),
(243, 1285),
(243, 1286),
(243, 1287),
(243, 1288),
(243, 1289),
(243, 1290),
(243, 1291),
(243, 1292),
(243, 1293),
(243, 1294),
(243, 1295),
(243, 1296),
(243, 1297),
(243, 1298),
(243, 1299),
(244, 1300),
(244, 1301),
(245, 1302),
(245, 1303),
(245, 1304),
(245, 1305),
(245, 1306),
(245, 1307),
(245, 1308),
(246, 1309),
(246, 1310),
(246, 1311),
(246, 1312),
(246, 1313),
(246, 1314),
(246, 1315),
(246, 1316),
(246, 1317),
(246, 1318),
(246, 1319),
(246, 1320),
(246, 1321),
(246, 1322),
(247, 1323),
(247, 1324),
(248, 1325),
(248, 1326),
(249, 1327),
(249, 1328),
(249, 1329),
(249, 1330),
(249, 1331),
(249, 1332),
(249, 1333),
(249, 1334),
(249, 1335),
(249, 1336),
(249, 1337),
(249, 1338),
(249, 1339),
(249, 1340),
(250, 1341),
(250, 1342),
(250, 1343),
(250, 1344),
(250, 1345),
(250, 1346),
(250, 1347),
(250, 1348),
(250, 1349),
(250, 1350),
(250, 1351),
(250, 1352),
(250, 1353),
(250, 1354),
(250, 1355),
(250, 1356),
(251, 1357),
(251, 1358),
(251, 1359),
(251, 1360),
(251, 1361),
(252, 1362),
(252, 1363),
(252, 1364),
(253, 1365),
(253, 1366),
(254, 1367),
(254, 1368),
(254, 1369),
(254, 1370),
(254, 1371),
(254, 1372),
(254, 1373),
(254, 1374),
(254, 1375),
(254, 1376),
(254, 1377),
(254, 1378),
(254, 1379),
(254, 1380),
(255, 1381),
(255, 1382),
(255, 1383),
(255, 1384),
(256, 1385),
(256, 1386),
(256, 1387),
(256, 1388),
(256, 1389),
(256, 1390),
(256, 1391),
(257, 1392),
(257, 1393),
(257, 1394),
(259, 1395),
(259, 1396),
(260, 1397),
(260, 1398),
(261, 1399),
(261, 1400),
(261, 1401),
(261, 1402),
(261, 1403),
(261, 1404),
(262, 1405),
(262, 1406),
(262, 1407),
(262, 1408),
(262, 1409),
(262, 1410),
(262, 1411),
(262, 1412),
(262, 1413),
(262, 1414),
(262, 1415),
(263, 1416),
(263, 1417),
(263, 1418),
(263, 1419),
(264, 1420),
(264, 1421),
(264, 1422),
(264, 1423),
(264, 1424),
(264, 1425),
(265, 1426),
(265, 1427),
(265, 1428),
(265, 1429),
(265, 1430),
(265, 1431),
(265, 1432),
(265, 1433),
(265, 1434),
(266, 1435),
(266, 1436),
(266, 1437),
(266, 1438),
(266, 1439),
(266, 1440),
(267, 1441),
(267, 1442),
(268, 1443),
(268, 1444),
(268, 1445),
(268, 1446),
(268, 1447),
(268, 1448),
(269, 1449),
(269, 1450),
(270, 1451),
(271, 1452),
(271, 1453),
(271, 1454),
(272, 1455),
(272, 1456),
(273, 1457),
(273, 1458),
(274, 1459),
(274, 1460),
(274, 1461),
(274, 1462),
(275, 1463),
(276, 1464),
(277, 1465),
(277, 1466),
(278, 1467),
(278, 1468),
(278, 1469),
(279, 1470),
(279, 1471),
(280, 1472),
(280, 1473),
(280, 1474),
(280, 1475),
(280, 1476),
(280, 1477),
(280, 1478),
(280, 1479),
(280, 1480),
(280, 1481),
(280, 1482),
(280, 1483),
(280, 1484),
(280, 1485),
(281, 1486),
(281, 1487),
(281, 1488),
(282, 1489),
(283, 1490),
(283, 1491),
(283, 1492),
(283, 1493),
(283, 1494),
(283, 1495),
(283, 1496),
(283, 1497),
(283, 1498),
(283, 1499),
(283, 1500),
(283, 1501),
(283, 1502),
(283, 1503),
(284, 1504),
(285, 1505),
(286, 1506),
(286, 1507),
(286, 1508),
(286, 1509),
(286, 1510),
(286, 1511),
(286, 1512),
(286, 1513),
(286, 1514),
(286, 1515),
(286, 1516),
(286, 1517),
(286, 1518),
(286, 1519),
(286, 1520),
(286, 1521),
(286, 1522),
(286, 1523),
(286, 1524),
(286, 1525),
(286, 1526),
(286, 1527),
(286, 1528),
(286, 1529),
(286, 1530),
(286, 1531),
(287, 1532),
(287, 1533),
(287, 1534),
(287, 1535),
(287, 1536),
(288, 1537),
(288, 1538),
(288, 1539),
(288, 1540),
(288, 1541),
(288, 1542),
(288, 1543),
(288, 1544),
(289, 1545),
(289, 1546),
(289, 1547),
(289, 1548),
(289, 1549),
(290, 1550),
(291, 1551),
(291, 1552),
(291, 1553),
(292, 1554),
(292, 1555),
(293, 1556),
(293, 1557),
(293, 1558),
(293, 1559),
(293, 1560),
(293, 1561),
(293, 1562),
(293, 1563),
(293, 1564),
(294, 1565),
(295, 1566),
(295, 1567),
(295, 1568),
(295, 1569),
(295, 1570),
(295, 1571),
(296, 1572),
(296, 1573),
(297, 1574),
(297, 1575),
(297, 1576),
(297, 1577),
(297, 1578),
(297, 1579),
(297, 1580),
(297, 1581),
(298, 1582),
(298, 1583),
(298, 1584),
(298, 1585),
(298, 1586),
(298, 1587),
(298, 1588),
(298, 1589),
(299, 1590),
(299, 1591),
(299, 1592),
(300, 1593),
(300, 1594),
(300, 1595),
(300, 1596),
(300, 1597),
(300, 1598),
(301, 1599),
(301, 1600),
(302, 1601),
(302, 1602),
(303, 1603),
(303, 1604),
(303, 1605),
(303, 1606),
(303, 1607),
(303, 1608),
(303, 1609),
(303, 1610),
(304, 1611),
(304, 1612),
(304, 1613),
(304, 1614),
(304, 1615),
(304, 1616),
(304, 1617),
(305, 1618),
(305, 1619),
(306, 1620),
(306, 1621),
(306, 1622),
(306, 1623),
(306, 1624),
(306, 1625),
(306, 1626),
(306, 1627),
(307, 1628),
(307, 1629),
(308, 1630),
(308, 1631),
(308, 1632),
(308, 1633),
(308, 1634),
(308, 1635),
(308, 1636),
(309, 1637),
(310, 1638),
(311, 1639),
(312, 1640),
(313, 1641),
(313, 1642),
(313, 1643),
(313, 1644),
(313, 1645),
(313, 1646),
(313, 1647),
(313, 1648),
(313, 1649),
(314, 1650),
(314, 1651),
(315, 1652),
(315, 1653),
(315, 1654),
(315, 1655),
(315, 1656),
(316, 1657),
(317, 1658),
(317, 1659),
(317, 1660),
(318, 1661),
(318, 1662),
(318, 1663),
(318, 1664),
(318, 1665),
(318, 1666),
(318, 1667),
(318, 1668),
(318, 1669),
(318, 1670),
(318, 1671),
(318, 1672),
(318, 1673),
(318, 1674),
(318, 1675),
(318, 1676),
(318, 1677),
(318, 1678),
(318, 1679),
(319, 1680),
(320, 1681),
(320, 1682),
(320, 1683),
(320, 1684),
(321, 1685),
(321, 1686),
(321, 1687),
(322, 1688),
(322, 1689),
(322, 1690),
(322, 1691),
(322, 1692),
(322, 1693),
(322, 1694),
(322, 1695),
(322, 1696),
(322, 1697),
(322, 1698),
(322, 1699),
(322, 1700),
(322, 1701),
(322, 1702),
(323, 1703),
(323, 1704),
(323, 1705),
(323, 1706),
(323, 1707),
(325, 1708),
(325, 1709),
(325, 1710),
(325, 1711),
(325, 1712),
(325, 1713),
(325, 1714),
(325, 1715),
(325, 1716),
(326, 1717),
(327, 1718),
(327, 1719),
(327, 1720),
(327, 1721),
(327, 1722),
(327, 1723),
(327, 1724),
(328, 1725),
(328, 1726),
(331, 1727),
(331, 1728),
(331, 1729),
(332, 1730),
(332, 1731),
(332, 1732),
(332, 1733),
(332, 1734),
(332, 1735),
(332, 1736),
(332, 1737),
(333, 1738),
(333, 1739),
(333, 1740),
(334, 1741),
(334, 1742),
(334, 1743),
(334, 1744),
(334, 1745),
(335, 1746),
(335, 1747),
(335, 1748),
(335, 1749),
(335, 1750),
(335, 1751),
(335, 1752),
(336, 1753),
(337, 1754),
(337, 1755),
(337, 1756),
(338, 1757),
(339, 1758),
(339, 1759),
(339, 1760),
(340, 1761),
(340, 1762),
(340, 1763),
(340, 1764),
(340, 1765),
(340, 1766),
(340, 1767),
(340, 1768),
(340, 1769),
(341, 1770),
(341, 1771),
(341, 1772),
(341, 1773),
(341, 1774),
(342, 1775),
(342, 1776),
(343, 1777),
(343, 1778),
(343, 1779),
(343, 1780),
(343, 1781),
(343, 1782),
(343, 1783),
(343, 1784),
(343, 1785),
(344, 1786),
(345, 1787),
(346, 1788),
(346, 1789),
(346, 1790),
(346, 1791),
(346, 1792),
(346, 1793),
(346, 1794),
(346, 1795),
(347, 1796),
(347, 1797),
(348, 1798),
(348, 1799),
(348, 1800),
(348, 1801),
(349, 1802),
(350, 1803),
(351, 1804),
(351, 1805),
(351, 1806),
(351, 1807),
(351, 1808),
(351, 1809),
(351, 1810),
(351, 1811),
(352, 1812),
(352, 1813),
(353, 1814),
(353, 1815),
(353, 1816),
(355, 1817),
(355, 1818),
(355, 1819),
(355, 1820),
(355, 1821),
(355, 1822),
(355, 1823),
(355, 1824),
(355, 1825),
(355, 1826),
(355, 1827),
(355, 1828),
(355, 1829),
(356, 1830),
(356, 1831),
(356, 1832),
(356, 1833),
(356, 1834),
(356, 1835),
(357, 1836),
(357, 1837),
(357, 1838),
(357, 1839),
(357, 1840),
(357, 1841),
(358, 1842),
(358, 1843),
(358, 1844),
(359, 1845),
(360, 1846),
(360, 1847),
(360, 1848),
(360, 1849),
(360, 1850),
(361, 1851),
(361, 1852),
(361, 1853),
(362, 1854),
(362, 1855),
(362, 1856),
(362, 1857),
(362, 1858),
(362, 1859),
(362, 1860),
(362, 1861),
(363, 1862),
(363, 1863),
(363, 1864),
(363, 1865),
(363, 1866),
(363, 1867),
(363, 1868),
(363, 1869),
(363, 1870),
(363, 1871),
(363, 1872),
(363, 1873),
(363, 1874),
(363, 1875),
(364, 1876),
(364, 1877),
(364, 1878),
(364, 1879),
(364, 1880),
(364, 1881),
(365, 1882),
(365, 1883),
(365, 1884),
(365, 1885),
(365, 1886),
(366, 1887),
(367, 1888),
(367, 1889),
(367, 1890),
(367, 1891),
(367, 1892),
(367, 1893),
(367, 1894),
(367, 1895),
(367, 1896),
(368, 1897),
(368, 1898),
(368, 1899),
(368, 1900),
(368, 1901),
(369, 1902),
(370, 1903),
(370, 1904),
(370, 1905),
(370, 1906),
(370, 1907),
(370, 1908),
(370, 1909),
(370, 1910),
(371, 1911),
(371, 1912),
(371, 1913),
(371, 1914),
(371, 1915),
(371, 1916),
(371, 1917),
(371, 1918),
(371, 1919),
(371, 1920),
(371, 1921),
(371, 1922),
(371, 1923),
(371, 1924),
(372, 1925),
(372, 1926),
(373, 1927),
(373, 1928),
(373, 1929),
(374, 1930),
(374, 1931),
(375, 1932),
(375, 1933),
(375, 1934),
(375, 1935),
(375, 1936),
(375, 1937),
(376, 1938),
(377, 1939),
(377, 1940),
(377, 1941),
(377, 1942),
(377, 1943),
(378, 1944),
(378, 1945),
(378, 1946),
(379, 1947),
(379, 1948),
(380, 1949),
(380, 1950),
(381, 1951),
(381, 1952),
(381, 1953),
(383, 1954),
(383, 1955),
(383, 1956),
(383, 1957),
(383, 1958),
(383, 1959),
(383, 1960),
(383, 1961),
(383, 1962),
(383, 1963),
(383, 1964),
(383, 1965),
(383, 1966),
(383, 1967),
(383, 1968),
(383, 1969),
(383, 1970),
(383, 1971),
(383, 1972),
(383, 1973),
(383, 1974),
(384, 1975),
(384, 1976),
(384, 1977),
(384, 1978),
(384, 1979),
(384, 1980),
(384, 1981),
(384, 1982),
(384, 1983),
(384, 1984),
(384, 1985),
(384, 1986),
(384, 1987),
(384, 1988),
(384, 1989),
(384, 1990),
(384, 1991),
(384, 1992),
(384, 1993),
(384, 1994),
(384, 1995),
(384, 1996),
(384, 1997),
(384, 1998),
(384, 1999),
(384, 2000),
(384, 2001),
(384, 2002),
(384, 2003),
(384, 2004),
(384, 2005),
(384, 2006),
(384, 2007),
(384, 2008),
(384, 2009),
(384, 2010),
(384, 2011),
(384, 2012),
(384, 2013),
(385, 2014),
(385, 2015),
(385, 2016),
(385, 2017),
(385, 2018),
(385, 2019),
(385, 2020),
(385, 2021),
(385, 2022),
(386, 2023),
(386, 2024),
(387, 2025),
(387, 2026),
(387, 2027),
(387, 2028),
(387, 2029),
(387, 2030),
(387, 2031),
(387, 2032),
(388, 2033),
(388, 2034),
(388, 2035),
(388, 2036),
(388, 2037),
(388, 2038),
(388, 2039),
(388, 2040),
(388, 2041),
(388, 2042),
(388, 2043),
(388, 2044),
(388, 2045),
(388, 2046),
(388, 2047),
(388, 2048),
(388, 2049),
(388, 2050),
(388, 2051),
(388, 2052),
(388, 2053),
(388, 2054),
(388, 2055),
(388, 2056),
(388, 2057),
(388, 2058),
(388, 2059),
(389, 2060),
(389, 2061),
(389, 2062),
(389, 2063),
(389, 2064),
(389, 2065),
(389, 2066),
(389, 2067),
(389, 2068),
(390, 2069),
(390, 2070),
(390, 2071),
(390, 2072),
(390, 2073),
(390, 2074),
(390, 2075),
(392, 2076),
(392, 2077),
(392, 2078),
(392, 2079),
(392, 2080),
(392, 2081),
(392, 2082),
(392, 2083),
(393, 2084),
(393, 2085),
(393, 2086),
(393, 2087),
(393, 2088),
(393, 2089),
(393, 2090),
(394, 2091),
(394, 2092),
(396, 2093),
(396, 2094),
(396, 2095),
(396, 2096),
(396, 2097),
(396, 2098),
(396, 2099),
(396, 2100),
(396, 2101),
(397, 2102),
(398, 2103),
(398, 2104),
(398, 2105),
(399, 2106),
(399, 2107),
(399, 2108),
(399, 2109),
(400, 2110),
(401, 2111),
(401, 2112),
(401, 2113),
(401, 2114),
(401, 2115),
(401, 2116),
(401, 2117),
(401, 2118),
(401, 2119),
(401, 2120),
(401, 2121),
(401, 2122),
(401, 2123),
(401, 2124),
(402, 2125),
(402, 2126),
(402, 2127),
(402, 2128),
(402, 2129),
(402, 2130),
(402, 2131),
(403, 2132),
(403, 2133),
(403, 2134),
(403, 2135),
(404, 2136),
(404, 2137),
(404, 2138),
(405, 2139),
(405, 2140),
(406, 2141),
(406, 2142),
(407, 2143),
(407, 2144),
(407, 2145),
(407, 2146),
(407, 2147),
(407, 2148),
(407, 2149),
(407, 2150),
(407, 2151),
(407, 2152),
(407, 2153),
(407, 2154),
(407, 2155),
(407, 2156),
(407, 2157),
(407, 2158),
(407, 2159),
(407, 2160),
(407, 2161),
(407, 2162),
(407, 2163),
(407, 2164),
(407, 2165),
(407, 2166),
(407, 2167),
(407, 2168),
(407, 2169),
(407, 2170),
(407, 2171),
(408, 2172),
(408, 2173),
(410, 2174),
(410, 2175),
(410, 2176),
(410, 2177),
(410, 2178),
(410, 2179),
(411, 2180),
(411, 2181),
(411, 2182),
(412, 2183),
(412, 2184),
(412, 2185),
(412, 2186),
(412, 2187),
(412, 2188),
(412, 2189),
(412, 2190),
(412, 2191),
(413, 2192),
(413, 2193),
(413, 2194),
(414, 2195),
(414, 2196),
(415, 2197),
(415, 2198),
(415, 2199),
(415, 2200),
(416, 2201),
(416, 2202),
(419, 2203),
(420, 2204),
(421, 2205),
(421, 2206),
(421, 2207),
(422, 2208),
(422, 2209),
(422, 2210),
(422, 2211),
(422, 2212),
(423, 2213),
(423, 2214),
(423, 2215),
(423, 2216),
(423, 2217),
(423, 2218),
(424, 2219),
(424, 2220),
(424, 2221),
(424, 2222),
(425, 2223),
(425, 2224),
(425, 2225),
(425, 2226),
(425, 2227),
(426, 2228),
(426, 2229),
(426, 2230),
(426, 2231),
(426, 2232),
(427, 2233),
(427, 2234),
(427, 2235),
(428, 2236),
(428, 2237),
(428, 2238),
(428, 2239),
(428, 2240),
(428, 2241),
(428, 2242),
(428, 2243),
(428, 2244),
(428, 2245),
(429, 2246),
(429, 2247),
(429, 2248),
(429, 2249),
(429, 2250),
(429, 2251),
(429, 2252),
(429, 2253),
(430, 2254),
(430, 2255),
(430, 2256),
(430, 2257),
(430, 2258),
(430, 2259),
(430, 2260),
(430, 2261),
(430, 2262),
(430, 2263),
(430, 2264),
(430, 2265),
(430, 2266),
(430, 2267),
(431, 2268),
(431, 2269),
(431, 2270),
(431, 2271),
(431, 2272),
(431, 2273),
(431, 2274),
(431, 2275),
(432, 2276),
(432, 2277),
(432, 2278),
(432, 2279),
(432, 2280),
(432, 2281),
(433, 2282),
(433, 2283),
(434, 2284),
(434, 2285),
(434, 2286),
(434, 2287),
(434, 2288),
(434, 2289),
(434, 2290),
(434, 2291),
(435, 2292),
(435, 2293),
(435, 2294),
(436, 2295),
(436, 2296),
(436, 2297),
(436, 2298),
(436, 2299),
(437, 2300),
(438, 2301),
(438, 2302),
(438, 2303),
(438, 2304),
(438, 2305),
(438, 2306),
(439, 2307),
(439, 2308),
(440, 2309),
(440, 2310),
(441, 2311),
(441, 2312),
(441, 2313),
(441, 2314),
(441, 2315),
(441, 2316),
(441, 2317),
(442, 2318),
(442, 2319),
(442, 2320),
(442, 2321),
(442, 2322),
(442, 2323),
(442, 2324),
(443, 2325),
(443, 2326),
(444, 2327),
(444, 2328),
(444, 2329),
(444, 2330),
(444, 2331),
(444, 2332),
(445, 2333),
(445, 2334),
(445, 2335),
(445, 2336),
(445, 2337),
(446, 2338),
(446, 2339),
(446, 2340),
(446, 2341),
(446, 2342),
(447, 2343),
(447, 2344),
(447, 2345),
(447, 2346),
(447, 2347),
(447, 2348),
(448, 2349),
(448, 2350),
(448, 2351),
(448, 2352),
(448, 2353),
(448, 2354),
(449, 2355),
(449, 2356),
(450, 2357),
(450, 2358),
(450, 2359),
(450, 2360),
(450, 2361),
(451, 2362),
(451, 2363),
(451, 2364),
(451, 2365),
(451, 2366),
(452, 2367),
(452, 2368),
(452, 2369),
(452, 2370),
(452, 2371),
(452, 2372),
(453, 2373),
(453, 2374),
(454, 2375),
(455, 2376),
(455, 2377),
(456, 2378),
(456, 2379),
(456, 2380),
(456, 2381),
(456, 2382),
(456, 2383),
(456, 2384),
(457, 2385),
(457, 2386),
(457, 2387),
(457, 2388),
(457, 2389),
(457, 2390),
(457, 2391),
(458, 2392),
(458, 2393),
(459, 2394),
(459, 2395),
(459, 2396),
(459, 2397),
(459, 2398),
(459, 2399),
(459, 2400),
(460, 2401),
(460, 2402),
(460, 2403),
(460, 2404),
(460, 2405),
(460, 2406),
(460, 2407),
(461, 2408),
(461, 2409),
(461, 2410),
(461, 2411),
(461, 2412),
(461, 2413),
(462, 2414),
(462, 2415),
(462, 2416),
(462, 2417),
(462, 2418),
(462, 2419),
(462, 2420),
(463, 2421),
(464, 2422),
(464, 2423),
(464, 2424),
(464, 2425),
(464, 2426),
(464, 2427),
(464, 2428),
(464, 2429),
(465, 2430),
(465, 2431),
(465, 2432),
(465, 2433),
(465, 2434),
(465, 2435),
(466, 2436),
(466, 2437),
(466, 2438),
(466, 2439),
(466, 2440),
(466, 2441),
(466, 2442),
(467, 2443),
(467, 2444),
(467, 2445),
(467, 2446),
(467, 2447),
(467, 2448),
(467, 2449),
(467, 2450),
(467, 2451),
(467, 2452),
(467, 2453),
(467, 2454),
(467, 2455),
(467, 2456);

-- --------------------------------------------------------

--
-- Table structure for table `relationships`
--

CREATE TABLE `relationships` (
  `relId` int(11) NOT NULL auto_increment,
  `type` varchar(255) NOT NULL,
  `frequency` int(11) NOT NULL,
  `is_aStrength` int(11) NOT NULL,
  `part_ofStrength` int(11) NOT NULL,
  `strength` int(11) NOT NULL,
  `conceptId` int(11) NOT NULL,
  `isHead` tinyint(1) NOT NULL,
  PRIMARY KEY  (`relId`)
) ENGINE=InnoDB  DEFAULT CHARSET=latin1 AUTO_INCREMENT=2457 ;

--
-- Dumping data for table `relationships`
--

INSERT INTO `relationships` (`relId`, `type`, `frequency`, `is_aStrength`, `part_ofStrength`, `strength`, `conceptId`, `isHead`) VALUES
(1, 'aso', 1, 0, 0, 0, 357, 1),
(2, 'aso', 1, 0, 0, 0, 304, 1),
(3, 'aso', 1, 0, 0, 0, 428, 1),
(4, 'aso', 1, 0, 0, 0, 228, 1),
(5, 'aso', 1, 0, 0, 0, 335, 1),
(6, 'aso', 1, 0, 0, 0, 308, 1),
(7, 'aso', 1, 0, 0, 0, 95, 1),
(8, 'aso', 1, 0, 0, 0, 145, 1),
(9, 'aso', 2, 0, 0, 0, 241, 1),
(10, 'aso', 1, 0, 0, 0, 241, 1),
(11, 'aso', 1, 0, 0, 0, 242, 1),
(12, 'aso', 1, 0, 0, 0, 159, 1),
(13, 'aso', 1, 0, 0, 0, 99, 1),
(14, 'aso', 1, 0, 0, 0, 384, 1),
(15, 'aso', 1, 0, 0, 0, 9, 1),
(16, 'aso', 2, 0, 0, 0, 101, 1),
(17, 'aso', 1, 0, 0, 0, 407, 1),
(18, 'aso', 1, 0, 0, 0, 106, 1),
(19, 'aso', 1, 0, 0, 0, 355, 1),
(20, 'aso', 1, 0, 0, 0, 90, 1),
(21, 'aso', 1, 0, 0, 0, 114, 1),
(22, 'aso', 1, 0, 0, 0, 343, 1),
(23, 'aso', 1, 0, 0, 0, 385, 1),
(24, 'aso', 1, 0, 0, 0, 286, 1),
(25, 'aso', 1, 0, 0, 0, 396, 1),
(26, 'aso', 1, 0, 0, 0, 30, 1),
(27, 'aso', 1, 0, 0, 0, 340, 1),
(28, 'aso', 1, 0, 0, 0, 389, 1),
(29, 'aso', 1, 0, 0, 0, 384, 1),
(30, 'aso', 1, 0, 0, 0, 323, 1),
(31, 'aso', 1, 0, 0, 0, 288, 1),
(32, 'aso', 1, 0, 0, 0, 407, 1),
(33, 'aso', 1, 0, 0, 0, 200, 1),
(34, 'aso', 1, 0, 0, 0, 322, 1),
(35, 'aso', 1, 0, 0, 0, 140, 1),
(36, 'aso', 1, 0, 0, 0, 135, 1),
(37, 'aso', 1, 0, 0, 0, 71, 1),
(38, 'aso', 1, 0, 0, 0, 238, 1),
(39, 'aso', 1, 0, 0, 0, 367, 1),
(40, 'aso', 1, 0, 0, 0, 214, 1),
(41, 'aso', 1, 0, 0, 0, 194, 1),
(42, 'aso', 1, 0, 0, 0, 100, 1),
(43, 'aso', 1, 0, 0, 0, 19, 1),
(44, 'aso', 1, 0, 0, 0, 286, 1),
(45, 'aso', 1, 0, 0, 0, 35, 1),
(46, 'aso', 1, 0, 0, 0, 206, 1),
(47, 'aso', 1, 0, 0, 0, 280, 1),
(48, 'aso', 1, 0, 0, 0, 371, 1),
(49, 'aso', 1, 0, 0, 0, 430, 1),
(50, 'aso', 1, 0, 0, 0, 401, 1),
(51, 'aso', 1, 0, 0, 0, 241, 1),
(52, 'aso', 1, 0, 0, 0, 283, 1),
(53, 'aso', 1, 0, 0, 0, 363, 1),
(54, 'aso', 1, 0, 0, 0, 246, 1),
(55, 'aso', 1, 0, 0, 0, 62, 1),
(56, 'aso', 1, 0, 0, 0, 22, 1),
(57, 'aso', 1, 0, 0, 0, 225, 1),
(58, 'aso', 1, 0, 0, 0, 318, 1),
(59, 'aso', 1, 0, 0, 0, 249, 1),
(60, 'aso', 1, 0, 0, 0, 52, 1),
(61, 'aso', 1, 0, 0, 0, 322, 1),
(62, 'aso', 1, 0, 0, 0, 325, 1),
(63, 'aso', 1, 0, 0, 0, 412, 1),
(64, 'aso', 1, 0, 0, 0, 313, 1),
(65, 'aso', 1, 0, 0, 0, 157, 1),
(66, 'aso', 1, 0, 0, 0, 209, 1),
(67, 'aso', 1, 0, 0, 0, 243, 1),
(68, 'aso', 1, 0, 0, 0, 342, 1),
(69, 'aso', 1, 0, 0, 0, 9, 1),
(70, 'aso', 1, 0, 0, 0, 259, 1),
(71, 'aso', 1, 0, 0, 0, 48, 1),
(72, 'aso', 1, 0, 0, 0, 388, 1),
(73, 'aso', 1, 0, 0, 0, 201, 1),
(74, 'aso', 1, 0, 0, 0, 1, 1),
(75, 'aso', 1, 0, 0, 0, 322, 1),
(76, 'aso', 1, 0, 0, 0, 325, 1),
(77, 'aso', 1, 0, 0, 0, 412, 1),
(78, 'aso', 1, 0, 0, 0, 8, 1),
(79, 'aso', 1, 0, 0, 0, 243, 1),
(80, 'aso', 2, 0, 0, 0, 100, 1),
(81, 'aso', 1, 0, 0, 0, 299, 1),
(82, 'aso', 1, 0, 0, 0, 134, 1),
(83, 'aso', 1, 0, 0, 0, 137, 1),
(84, 'aso', 1, 0, 0, 0, 355, 1),
(85, 'aso', 1, 0, 0, 0, 304, 1),
(86, 'aso', 1, 0, 0, 0, 251, 1),
(87, 'aso', 2, 0, 0, 0, 335, 1),
(88, 'aso', 2, 0, 0, 0, 308, 1),
(89, 'aso', 1, 0, 0, 0, 313, 1),
(90, 'aso', 1, 0, 0, 0, 145, 1),
(91, 'aso', 1, 0, 0, 0, 209, 1),
(92, 'aso', 1, 0, 0, 0, 384, 1),
(93, 'aso', 1, 0, 0, 0, 212, 1),
(94, 'aso', 1, 0, 0, 0, 255, 1),
(95, 'aso', 1, 0, 0, 0, 48, 1),
(96, 'aso', 3, 0, 0, 0, 388, 1),
(97, 'aso', 2, 0, 0, 0, 388, 1),
(98, 'is a', 1, 1, 0, 0, 318, 0),
(99, 'aso', 1, 0, 0, 0, 186, 1),
(100, 'aso', 1, 0, 0, 0, 141, 1),
(101, 'aso', 1, 0, 0, 0, 136, 1),
(102, 'aso', 1, 0, 0, 0, 120, 1),
(103, 'aso', 1, 0, 0, 0, 383, 1),
(104, 'aso', 1, 0, 0, 0, 70, 1),
(105, 'aso', 1, 0, 0, 0, 351, 1),
(106, 'aso', 1, 0, 0, 0, 205, 1),
(107, 'aso', 1, 0, 0, 0, 177, 1),
(108, 'aso', 1, 0, 0, 0, 297, 1),
(109, 'aso', 1, 0, 0, 0, 75, 1),
(110, 'aso', 1, 0, 0, 0, 332, 1),
(111, 'aso', 1, 0, 0, 0, 346, 1),
(112, 'aso', 1, 0, 0, 0, 233, 1),
(113, 'aso', 1, 0, 0, 0, 62, 1),
(114, 'aso', 1, 0, 0, 0, 250, 1),
(115, 'aso', 1, 0, 0, 0, 264, 1),
(116, 'aso', 1, 0, 0, 0, 355, 1),
(117, 'aso', 1, 0, 0, 0, 185, 1),
(118, 'aso', 1, 0, 0, 0, 295, 1),
(119, 'aso', 1, 0, 0, 0, 377, 1),
(120, 'aso', 1, 0, 0, 0, 422, 1),
(121, 'aso', 1, 0, 0, 0, 289, 1),
(122, 'aso', 1, 0, 0, 0, 293, 1),
(123, 'aso', 1, 0, 0, 0, 243, 1),
(124, 'aso', 1, 0, 0, 0, 384, 1),
(125, 'aso', 1, 0, 0, 0, 228, 1),
(126, 'aso', 1, 0, 0, 0, 287, 1),
(127, 'aso', 1, 0, 0, 0, 387, 1),
(128, 'aso', 1, 0, 0, 0, 119, 1),
(129, 'aso', 1, 0, 0, 0, 277, 1),
(130, 'aso', 1, 0, 0, 0, 158, 1),
(131, 'aso', 1, 0, 0, 0, 410, 1),
(132, 'aso', 1, 0, 0, 0, 375, 1),
(133, 'aso', 1, 0, 0, 0, 161, 1),
(134, 'aso', 1, 0, 0, 0, 250, 1),
(135, 'aso', 1, 0, 0, 0, 164, 1),
(136, 'aso', 1, 0, 0, 0, 125, 1),
(137, 'aso', 1, 0, 0, 0, 399, 1),
(138, 'aso', 1, 0, 0, 0, 58, 1),
(139, 'aso', 1, 0, 0, 0, 266, 1),
(140, 'aso', 1, 0, 0, 0, 230, 1),
(141, 'aso', 1, 0, 0, 0, 432, 1),
(142, 'aso', 1, 0, 0, 0, 100, 1),
(143, 'aso', 1, 0, 0, 0, 300, 1),
(144, 'aso', 1, 0, 0, 0, 364, 1),
(145, 'aso', 1, 0, 0, 0, 384, 1),
(146, 'aso', 1, 0, 0, 0, 285, 1),
(147, 'aso', 1, 0, 0, 0, 103, 1),
(148, 'aso', 1, 0, 0, 0, 119, 1),
(149, 'aso', 1, 0, 0, 0, 380, 1),
(150, 'aso', 1, 0, 0, 0, 286, 1),
(151, 'aso', 1, 0, 0, 0, 35, 1),
(152, 'aso', 1, 0, 0, 0, 206, 1),
(153, 'aso', 1, 0, 0, 0, 6, 1),
(154, 'aso', 1, 0, 0, 0, 294, 1),
(155, 'aso', 1, 0, 0, 0, 126, 1),
(156, 'aso', 1, 0, 0, 0, 281, 1),
(157, 'aso', 1, 0, 0, 0, 288, 1),
(158, 'aso', 1, 0, 0, 0, 312, 1),
(159, 'aso', 1, 0, 0, 0, 371, 1),
(160, 'aso', 1, 0, 0, 0, 237, 1),
(161, 'aso', 1, 0, 0, 0, 58, 1),
(162, 'aso', 1, 0, 0, 0, 7, 1),
(163, 'aso', 1, 0, 0, 0, 241, 1),
(164, 'aso', 1, 0, 0, 0, 246, 1),
(165, 'aso', 2, 0, 0, 0, 62, 1),
(166, 'aso', 1, 0, 0, 0, 62, 1),
(167, 'aso', 1, 0, 0, 0, 161, 1),
(168, 'aso', 1, 0, 0, 0, 63, 1),
(169, 'aso', 1, 0, 0, 0, 225, 1),
(170, 'aso', 1, 0, 0, 0, 249, 1),
(171, 'aso', 1, 0, 0, 0, 138, 1),
(172, 'aso', 1, 0, 0, 0, 280, 1),
(173, 'aso', 1, 0, 0, 0, 170, 1),
(174, 'aso', 1, 0, 0, 0, 430, 1),
(175, 'aso', 1, 0, 0, 0, 40, 1),
(176, 'aso', 1, 0, 0, 0, 401, 1),
(177, 'aso', 1, 0, 0, 0, 231, 1),
(178, 'aso', 1, 0, 0, 0, 283, 1),
(179, 'aso', 1, 0, 0, 0, 362, 1),
(180, 'aso', 1, 0, 0, 0, 363, 1),
(181, 'aso', 1, 0, 0, 0, 79, 1),
(182, 'aso', 1, 0, 0, 0, 388, 1),
(183, 'aso', 1, 0, 0, 0, 435, 1),
(184, 'aso', 1, 0, 0, 0, 318, 1),
(185, 'aso', 1, 0, 0, 0, 52, 1),
(186, 'aso', 1, 0, 0, 0, 356, 1),
(187, 'aso', 1, 0, 0, 0, 135, 1),
(188, 'aso', 1, 0, 0, 0, 262, 1),
(189, 'aso', 1, 0, 0, 0, 360, 1),
(190, 'aso', 1, 0, 0, 0, 94, 1),
(191, 'aso', 1, 0, 0, 0, 426, 1),
(192, 'aso', 1, 0, 0, 0, 425, 1),
(193, 'aso', 1, 0, 0, 0, 236, 1),
(194, 'aso', 1, 0, 0, 0, 113, 1),
(195, 'aso', 1, 0, 0, 0, 295, 1),
(196, 'aso', 2, 0, 0, 0, 315, 1),
(197, 'aso', 2, 0, 0, 0, 365, 1),
(198, 'aso', 2, 0, 0, 0, 72, 1),
(199, 'aso', 2, 0, 0, 0, 368, 1),
(200, 'aso', 2, 0, 0, 0, 341, 1),
(201, 'aso', 1, 0, 0, 0, 109, 1),
(202, 'aso', 1, 0, 0, 0, 101, 1),
(203, 'aso', 1, 0, 0, 0, 214, 1),
(204, 'aso', 1, 0, 0, 0, 274, 1),
(205, 'aso', 1, 0, 0, 0, 102, 1),
(206, 'aso', 1, 0, 0, 0, 91, 1),
(207, 'aso', 1, 0, 0, 0, 309, 1),
(208, 'aso', 1, 0, 0, 0, 90, 1),
(209, 'aso', 1, 0, 0, 0, 114, 1),
(210, 'aso', 1, 0, 0, 0, 343, 1),
(211, 'aso', 1, 0, 0, 0, 385, 1),
(212, 'aso', 1, 0, 0, 0, 286, 1),
(213, 'aso', 1, 0, 0, 0, 396, 1),
(214, 'aso', 1, 0, 0, 0, 2, 1),
(215, 'aso', 1, 0, 0, 0, 340, 1),
(216, 'aso', 1, 0, 0, 0, 389, 1),
(217, 'aso', 1, 0, 0, 0, 64, 1),
(218, 'aso', 1, 0, 0, 0, 374, 1),
(219, 'aso', 1, 0, 0, 0, 53, 1),
(220, 'aso', 1, 0, 0, 0, 384, 1),
(221, 'aso', 1, 0, 0, 0, 62, 1),
(222, 'aso', 1, 0, 0, 0, 36, 1),
(223, 'aso', 1, 0, 0, 0, 429, 1),
(224, 'aso', 1, 0, 0, 0, 431, 1),
(225, 'aso', 1, 0, 0, 0, 392, 1),
(226, 'aso', 1, 0, 0, 0, 203, 1),
(227, 'aso', 1, 0, 0, 0, 228, 1),
(228, 'aso', 1, 0, 0, 0, 93, 1),
(229, 'aso', 1, 0, 0, 0, 45, 1),
(230, 'aso', 1, 0, 0, 0, 305, 1),
(231, 'aso', 1, 0, 0, 0, 19, 1),
(232, 'aso', 1, 0, 0, 0, 286, 1),
(233, 'aso', 1, 0, 0, 0, 206, 1),
(234, 'aso', 1, 0, 0, 0, 6, 1),
(235, 'aso', 1, 0, 0, 0, 53, 1),
(236, 'aso', 1, 0, 0, 0, 384, 1),
(237, 'aso', 1, 0, 0, 0, 62, 1),
(238, 'aso', 1, 0, 0, 0, 429, 1),
(239, 'aso', 1, 0, 0, 0, 431, 1),
(240, 'aso', 1, 0, 0, 0, 392, 1),
(241, 'aso', 1, 0, 0, 0, 32, 1),
(242, 'aso', 1, 0, 0, 0, 203, 1),
(243, 'aso', 1, 0, 0, 0, 295, 1),
(244, 'aso', 1, 0, 0, 0, 101, 1),
(245, 'aso', 1, 0, 0, 0, 286, 1),
(246, 'aso', 1, 0, 0, 0, 390, 1),
(247, 'aso', 1, 0, 0, 0, 60, 1),
(248, 'aso', 1, 0, 0, 0, 327, 1),
(249, 'aso', 1, 0, 0, 0, 254, 1),
(250, 'aso', 1, 0, 0, 0, 298, 1),
(251, 'aso', 1, 0, 0, 0, 204, 1),
(252, 'aso', 1, 0, 0, 0, 428, 1),
(253, 'aso', 1, 0, 0, 0, 265, 1),
(254, 'aso', 1, 0, 0, 0, 112, 1),
(255, 'aso', 1, 0, 0, 0, 407, 1),
(256, 'aso', 1, 0, 0, 0, 370, 1),
(257, 'aso', 1, 0, 0, 0, 188, 1),
(258, 'aso', 1, 0, 0, 0, 303, 1),
(259, 'aso', 1, 0, 0, 0, 170, 1),
(260, 'aso', 1, 0, 0, 0, 22, 1),
(261, 'aso', 1, 0, 0, 0, 435, 1),
(262, 'aso', 1, 0, 0, 0, 62, 1),
(263, 'aso', 1, 0, 0, 0, 307, 1),
(264, 'aso', 1, 0, 0, 0, 104, 1),
(265, 'aso', 1, 0, 0, 0, 143, 1),
(266, 'aso', 1, 0, 0, 0, 89, 1),
(267, 'aso', 1, 0, 0, 0, 218, 1),
(268, 'aso', 1, 0, 0, 0, 250, 1),
(269, 'aso', 1, 0, 0, 0, 228, 1),
(270, 'aso', 1, 0, 0, 0, 320, 1),
(271, 'aso', 1, 0, 0, 0, 101, 1),
(272, 'aso', 1, 0, 0, 0, 286, 1),
(273, 'aso', 1, 0, 0, 0, 162, 1),
(274, 'is a', 1, 0, 0, 0, 254, 0),
(275, 'aso', 1, 0, 0, 0, 254, 1),
(276, 'aso', 1, 0, 0, 0, 228, 1),
(277, 'aso', 1, 0, 0, 0, 93, 1),
(278, 'aso', 1, 0, 0, 0, 33, 1),
(279, 'aso', 1, 0, 0, 0, 115, 1),
(280, 'aso', 1, 0, 0, 0, 306, 1),
(281, 'aso', 1, 0, 0, 0, 279, 1),
(282, 'aso', 1, 0, 0, 0, 357, 1),
(283, 'aso', 1, 0, 0, 0, 220, 1),
(284, 'aso', 1, 0, 0, 0, 361, 1),
(285, 'aso', 1, 0, 0, 0, 322, 1),
(286, 'aso', 1, 0, 0, 0, 9, 1),
(287, 'aso', 1, 0, 0, 0, 325, 1),
(288, 'aso', 1, 0, 0, 0, 412, 1),
(289, 'aso', 1, 0, 0, 0, 313, 1),
(290, 'aso', 1, 0, 0, 0, 388, 1),
(291, 'aso', 1, 0, 0, 0, 8, 1),
(292, 'aso', 1, 0, 0, 0, 209, 1),
(293, 'aso', 1, 0, 0, 0, 243, 1),
(294, 'aso', 1, 0, 0, 0, 73, 1),
(295, 'aso', 1, 0, 0, 0, 105, 1),
(296, 'aso', 1, 0, 0, 0, 121, 1),
(297, 'aso', 1, 0, 0, 0, 68, 1),
(298, 'aso', 2, 0, 0, 0, 413, 1),
(299, 'aso', 2, 0, 0, 0, 381, 1),
(300, 'aso', 2, 0, 0, 0, 427, 1),
(301, 'aso', 1, 0, 0, 0, 225, 1),
(302, 'aso', 1, 0, 0, 0, 130, 1),
(303, 'aso', 1, 0, 0, 0, 424, 1),
(304, 'aso', 1, 0, 0, 0, 221, 1),
(305, 'aso', 1, 0, 0, 0, 280, 1),
(306, 'aso', 1, 0, 0, 0, 371, 1),
(307, 'aso', 1, 0, 0, 0, 430, 1),
(308, 'aso', 1, 0, 0, 0, 401, 1),
(309, 'aso', 1, 0, 0, 0, 7, 1),
(310, 'aso', 1, 0, 0, 0, 241, 1),
(311, 'aso', 1, 0, 0, 0, 283, 1),
(312, 'aso', 1, 0, 0, 0, 363, 1),
(313, 'aso', 1, 0, 0, 0, 246, 1),
(314, 'aso', 1, 0, 0, 0, 62, 1),
(315, 'aso', 1, 0, 0, 0, 22, 1),
(316, 'aso', 1, 0, 0, 0, 225, 1),
(317, 'aso', 1, 0, 0, 0, 318, 1),
(318, 'aso', 1, 0, 0, 0, 249, 1),
(319, 'aso', 1, 0, 0, 0, 384, 1),
(320, 'aso', 1, 0, 0, 0, 62, 1),
(321, 'aso', 1, 0, 0, 0, 36, 1),
(322, 'aso', 1, 0, 0, 0, 429, 1),
(323, 'aso', 1, 0, 0, 0, 431, 1),
(324, 'aso', 1, 0, 0, 0, 392, 1),
(325, 'aso', 1, 0, 0, 0, 32, 1),
(326, 'aso', 1, 0, 0, 0, 203, 1),
(327, 'aso', 1, 0, 0, 0, 85, 1),
(328, 'aso', 1, 0, 0, 0, 144, 1),
(329, 'aso', 1, 0, 0, 0, 402, 1),
(330, 'aso', 1, 0, 0, 0, 434, 1),
(331, 'aso', 1, 0, 0, 0, 173, 1),
(332, 'aso', 1, 0, 0, 0, 184, 1),
(333, 'aso', 1, 0, 0, 0, 314, 1),
(334, 'aso', 1, 0, 0, 0, 210, 1),
(335, 'aso', 1, 0, 0, 0, 243, 1),
(336, 'aso', 1, 0, 0, 0, 174, 1),
(337, 'aso', 1, 0, 0, 0, 394, 1),
(338, 'aso', 1, 0, 0, 0, 388, 1),
(339, 'aso', 1, 0, 0, 0, 265, 1),
(340, 'aso', 1, 0, 0, 0, 400, 1),
(341, 'aso', 1, 0, 0, 0, 266, 1),
(342, 'aso', 1, 0, 0, 0, 231, 1),
(343, 'aso', 1, 0, 0, 0, 432, 1),
(344, 'aso', 1, 0, 0, 0, 100, 1),
(345, 'aso', 1, 0, 0, 0, 362, 1),
(346, 'aso', 1, 0, 0, 0, 18, 1),
(347, 'aso', 1, 0, 0, 0, 364, 1),
(348, 'aso', 1, 0, 0, 0, 79, 1),
(349, 'aso', 1, 0, 0, 0, 300, 1),
(350, 'aso', 1, 0, 0, 0, 62, 1),
(351, 'aso', 1, 0, 0, 0, 63, 1),
(352, 'aso', 1, 0, 0, 0, 22, 1),
(353, 'aso', 1, 0, 0, 0, 388, 1),
(354, 'aso', 1, 0, 0, 0, 138, 1),
(355, 'aso', 1, 0, 0, 0, 101, 1),
(356, 'aso', 1, 0, 0, 0, 286, 1),
(357, 'aso', 1, 0, 0, 0, 390, 1),
(358, 'aso', 1, 0, 0, 0, 327, 1),
(359, 'aso', 1, 0, 0, 0, 254, 1),
(360, 'aso', 1, 0, 0, 0, 38, 1),
(361, 'aso', 1, 0, 0, 0, 298, 1),
(362, 'aso', 1, 0, 0, 0, 261, 1),
(363, 'aso', 1, 0, 0, 0, 84, 1),
(364, 'aso', 1, 0, 0, 0, 239, 1),
(365, 'aso', 1, 0, 0, 0, 153, 1),
(366, 'aso', 1, 0, 0, 0, 268, 1),
(367, 'aso', 1, 0, 0, 0, 438, 1),
(368, 'aso', 1, 0, 0, 0, 53, 1),
(369, 'aso', 1, 0, 0, 0, 371, 1),
(370, 'aso', 1, 0, 0, 0, 264, 1),
(371, 'aso', 1, 0, 0, 0, 58, 1),
(372, 'aso', 1, 0, 0, 0, 32, 1),
(373, 'aso', 1, 0, 0, 0, 392, 1),
(374, 'aso', 1, 0, 0, 0, 241, 1),
(375, 'aso', 1, 0, 0, 0, 7, 1),
(376, 'aso', 1, 0, 0, 0, 246, 1),
(377, 'aso', 1, 0, 0, 0, 63, 1),
(378, 'aso', 1, 0, 0, 0, 36, 1),
(379, 'aso', 1, 0, 0, 0, 225, 1),
(380, 'aso', 1, 0, 0, 0, 12, 1),
(381, 'aso', 1, 0, 0, 0, 249, 1),
(382, 'aso', 1, 0, 0, 0, 355, 1),
(383, 'aso', 1, 0, 0, 0, 138, 1),
(384, 'aso', 1, 0, 0, 0, 203, 1),
(385, 'aso', 1, 0, 0, 0, 280, 1),
(386, 'aso', 1, 0, 0, 0, 250, 1),
(387, 'aso', 1, 0, 0, 0, 430, 1),
(388, 'aso', 1, 0, 0, 0, 429, 1),
(389, 'aso', 1, 0, 0, 0, 307, 1),
(390, 'aso', 1, 0, 0, 0, 41, 1),
(391, 'aso', 1, 0, 0, 0, 431, 1),
(392, 'aso', 1, 0, 0, 0, 401, 1),
(393, 'aso', 1, 0, 0, 0, 231, 1),
(394, 'aso', 1, 0, 0, 0, 283, 1),
(395, 'aso', 1, 0, 0, 0, 362, 1),
(396, 'aso', 1, 0, 0, 0, 363, 1),
(397, 'aso', 1, 0, 0, 0, 79, 1),
(398, 'aso', 1, 0, 0, 0, 384, 1),
(399, 'aso', 1, 0, 0, 0, 233, 1),
(400, 'aso', 1, 0, 0, 0, 344, 1),
(401, 'aso', 2, 0, 0, 0, 22, 1),
(402, 'aso', 1, 0, 0, 0, 22, 1),
(403, 'aso', 1, 0, 0, 0, 388, 1),
(404, 'aso', 1, 0, 0, 0, 318, 1),
(405, 'aso', 1, 0, 0, 0, 52, 1),
(406, 'aso', 1, 0, 0, 0, 185, 1),
(407, 'aso', 1, 0, 0, 0, 79, 1),
(408, 'aso', 1, 0, 0, 0, 62, 1),
(409, 'aso', 1, 0, 0, 0, 58, 1),
(410, 'aso', 1, 0, 0, 0, 22, 1),
(411, 'aso', 1, 0, 0, 0, 388, 1),
(412, 'aso', 1, 0, 0, 0, 231, 1),
(413, 'aso', 1, 0, 0, 0, 138, 1),
(414, 'aso', 1, 0, 0, 0, 362, 1),
(415, 'aso', 1, 0, 0, 0, 374, 1),
(416, 'aso', 1, 0, 0, 0, 31, 1),
(417, 'aso', 1, 0, 0, 0, 276, 1),
(418, 'aso', 1, 0, 0, 0, 109, 1),
(419, 'aso', 1, 0, 0, 0, 208, 1),
(420, 'aso', 1, 0, 0, 0, 157, 1),
(421, 'aso', 1, 0, 0, 0, 415, 1),
(422, 'aso', 1, 0, 0, 0, 198, 1),
(423, 'aso', 1, 0, 0, 0, 226, 1),
(424, 'aso', 1, 0, 0, 0, 271, 1),
(425, 'aso', 1, 0, 0, 0, 73, 1),
(426, 'aso', 1, 0, 0, 0, 49, 1),
(427, 'aso', 1, 0, 0, 0, 105, 1),
(428, 'aso', 1, 0, 0, 0, 121, 1),
(429, 'aso', 1, 0, 0, 0, 405, 1),
(430, 'aso', 1, 0, 0, 0, 408, 1),
(431, 'aso', 1, 0, 0, 0, 351, 1),
(432, 'aso', 1, 0, 0, 0, 11, 1),
(433, 'aso', 1, 0, 0, 0, 205, 1),
(434, 'aso', 1, 0, 0, 0, 177, 1),
(435, 'aso', 1, 0, 0, 0, 297, 1),
(436, 'aso', 1, 0, 0, 0, 75, 1),
(437, 'aso', 1, 0, 0, 0, 332, 1),
(438, 'aso', 1, 0, 0, 0, 346, 1),
(439, 'aso', 1, 0, 0, 0, 322, 1),
(440, 'aso', 1, 0, 0, 0, 140, 1),
(441, 'aso', 1, 0, 0, 0, 135, 1),
(442, 'aso', 1, 0, 0, 0, 238, 1),
(443, 'aso', 1, 0, 0, 0, 4, 1),
(444, 'aso', 1, 0, 0, 0, 367, 1),
(445, 'aso', 2, 0, 0, 0, 26, 1),
(446, 'aso', 2, 0, 0, 0, 315, 1),
(447, 'aso', 2, 0, 0, 0, 365, 1),
(448, 'aso', 2, 0, 0, 0, 368, 1),
(449, 'aso', 2, 0, 0, 0, 341, 1),
(450, 'aso', 1, 0, 0, 0, 49, 1),
(451, 'aso', 1, 0, 0, 0, 105, 1),
(452, 'aso', 1, 0, 0, 0, 121, 1),
(453, 'aso', 1, 0, 0, 0, 68, 1),
(454, 'aso', 1, 0, 0, 0, 433, 1),
(455, 'aso', 1, 0, 0, 0, 202, 1),
(456, 'aso', 1, 0, 0, 0, 70, 1),
(457, 'aso', 1, 0, 0, 0, 351, 1),
(458, 'aso', 1, 0, 0, 0, 11, 1),
(459, 'aso', 1, 0, 0, 0, 205, 1),
(460, 'aso', 1, 0, 0, 0, 177, 1),
(461, 'aso', 1, 0, 0, 0, 297, 1),
(462, 'aso', 1, 0, 0, 0, 332, 1),
(463, 'aso', 1, 0, 0, 0, 346, 1),
(464, 'aso', 1, 0, 0, 0, 190, 1),
(465, 'aso', 1, 0, 0, 0, 116, 1),
(466, 'aso', 1, 0, 0, 0, 189, 1),
(467, 'aso', 1, 0, 0, 0, 223, 1),
(468, 'aso', 1, 0, 0, 0, 257, 1),
(469, 'aso', 1, 0, 0, 0, 333, 1),
(470, 'aso', 1, 0, 0, 0, 98, 1),
(471, 'aso', 1, 0, 0, 0, 62, 1),
(472, 'aso', 1, 0, 0, 0, 63, 1),
(473, 'aso', 1, 0, 0, 0, 58, 1),
(474, 'aso', 1, 0, 0, 0, 22, 1),
(475, 'aso', 1, 0, 0, 0, 388, 1),
(476, 'aso', 1, 0, 0, 0, 231, 1),
(477, 'aso', 1, 0, 0, 0, 138, 1),
(478, 'aso', 1, 0, 0, 0, 362, 1),
(479, 'aso', 1, 0, 0, 0, 196, 1),
(480, 'aso', 1, 0, 0, 0, 273, 1),
(481, 'aso', 1, 0, 0, 0, 316, 1),
(482, 'aso', 1, 0, 0, 0, 369, 1),
(483, 'aso', 1, 0, 0, 0, 182, 1),
(484, 'aso', 1, 0, 0, 0, 211, 1),
(485, 'aso', 1, 0, 0, 0, 261, 1),
(486, 'is a', 1, 0, 0, 0, 239, 0),
(487, 'aso', 1, 0, 0, 0, 239, 1),
(488, 'aso', 1, 0, 0, 0, 153, 1),
(489, 'aso', 1, 0, 0, 0, 268, 1),
(490, 'aso', 1, 0, 0, 0, 61, 1),
(491, 'aso', 1, 0, 0, 0, 438, 1),
(492, 'aso', 1, 0, 0, 0, 54, 1),
(493, 'aso', 1, 0, 0, 0, 402, 1),
(494, 'aso', 2, 0, 0, 0, 434, 1),
(495, 'aso', 1, 0, 0, 0, 107, 1),
(496, 'aso', 1, 0, 0, 0, 173, 1),
(497, 'aso', 2, 0, 0, 0, 184, 1),
(498, 'aso', 2, 0, 0, 0, 210, 1),
(499, 'aso', 2, 0, 0, 0, 243, 1),
(500, 'aso', 1, 0, 0, 0, 108, 1),
(501, 'aso', 1, 0, 0, 0, 149, 1),
(502, 'aso', 1, 0, 0, 0, 306, 1),
(503, 'aso', 1, 0, 0, 0, 142, 1),
(504, 'aso', 1, 0, 0, 0, 94, 1),
(505, 'aso', 1, 0, 0, 0, 241, 1),
(506, 'aso', 1, 0, 0, 0, 122, 1),
(507, 'aso', 1, 0, 0, 0, 245, 1),
(508, 'aso', 1, 0, 0, 0, 132, 1),
(509, 'aso', 1, 0, 0, 0, 384, 1),
(510, 'aso', 1, 0, 0, 0, 262, 1),
(511, 'aso', 1, 0, 0, 0, 117, 1),
(512, 'aso', 1, 0, 0, 0, 166, 1),
(513, 'aso', 1, 0, 0, 0, 97, 1),
(514, 'aso', 1, 0, 0, 0, 157, 1),
(515, 'aso', 1, 0, 0, 0, 383, 1),
(516, 'aso', 1, 0, 0, 0, 232, 1),
(517, 'aso', 1, 0, 0, 0, 104, 1),
(518, 'aso', 1, 0, 0, 0, 143, 1),
(519, 'aso', 1, 0, 0, 0, 42, 1),
(520, 'aso', 1, 0, 0, 0, 114, 1),
(521, 'aso', 1, 0, 0, 0, 343, 1),
(522, 'aso', 1, 0, 0, 0, 385, 1),
(523, 'aso', 1, 0, 0, 0, 286, 1),
(524, 'aso', 1, 0, 0, 0, 396, 1),
(525, 'aso', 1, 0, 0, 0, 2, 1),
(526, 'aso', 1, 0, 0, 0, 30, 1),
(527, 'aso', 1, 0, 0, 0, 340, 1),
(528, 'aso', 1, 0, 0, 0, 389, 1),
(529, 'aso', 1, 0, 0, 0, 102, 1),
(530, 'aso', 1, 0, 0, 0, 29, 1),
(531, 'aso', 1, 0, 0, 0, 172, 1),
(532, 'aso', 1, 0, 0, 0, 420, 1),
(533, 'aso', 1, 0, 0, 0, 228, 1),
(534, 'aso', 1, 0, 0, 0, 33, 1),
(535, 'aso', 1, 0, 0, 0, 45, 1),
(536, 'aso', 1, 0, 0, 0, 135, 1),
(537, 'aso', 1, 0, 0, 0, 306, 1),
(538, 'aso', 1, 0, 0, 0, 360, 1),
(539, 'aso', 1, 0, 0, 0, 142, 1),
(540, 'aso', 1, 0, 0, 0, 426, 1),
(541, 'aso', 1, 0, 0, 0, 23, 1),
(542, 'aso', 1, 0, 0, 0, 425, 1),
(543, 'aso', 1, 0, 0, 0, 87, 1),
(544, 'aso', 1, 0, 0, 0, 241, 1),
(545, 'aso', 1, 0, 0, 0, 122, 1),
(546, 'aso', 1, 0, 0, 0, 245, 1),
(547, 'aso', 1, 0, 0, 0, 132, 1),
(548, 'aso', 1, 0, 0, 0, 1, 1),
(549, 'aso', 2, 0, 0, 0, 101, 1),
(550, 'aso', 1, 0, 0, 0, 178, 1),
(551, 'aso', 1, 0, 0, 0, 403, 1),
(552, 'aso', 1, 0, 0, 0, 241, 1),
(553, 'aso', 1, 0, 0, 0, 159, 1),
(554, 'aso', 1, 0, 0, 0, 293, 1),
(555, 'aso', 1, 0, 0, 0, 150, 1),
(556, 'aso', 1, 0, 0, 0, 353, 1),
(557, 'aso', 1, 0, 0, 0, 321, 1),
(558, 'aso', 1, 0, 0, 0, 262, 1),
(559, 'aso', 1, 0, 0, 0, 359, 1),
(560, 'aso', 1, 0, 0, 0, 157, 1),
(561, 'aso', 1, 0, 0, 0, 241, 1),
(562, 'aso', 1, 0, 0, 0, 383, 1),
(563, 'aso', 1, 0, 0, 0, 232, 1),
(564, 'aso', 1, 0, 0, 0, 384, 1),
(565, 'aso', 1, 0, 0, 0, 393, 1),
(566, 'aso', 1, 0, 0, 0, 148, 1),
(567, 'aso', 1, 0, 0, 0, 256, 1),
(568, 'aso', 1, 0, 0, 0, 234, 1),
(569, 'aso', 1, 0, 0, 0, 117, 1),
(570, 'aso', 1, 0, 0, 0, 407, 1),
(571, 'aso', 1, 0, 0, 0, 166, 1),
(572, 'aso', 1, 0, 0, 0, 187, 1),
(573, 'aso', 1, 0, 0, 0, 88, 1),
(574, 'aso', 1, 0, 0, 0, 257, 1),
(575, 'aso', 1, 0, 0, 0, 333, 1),
(576, 'aso', 1, 0, 0, 0, 78, 1),
(577, 'aso', 1, 0, 0, 0, 1, 1),
(578, 'aso', 1, 0, 0, 0, 101, 1),
(579, 'aso', 1, 0, 0, 0, 228, 1),
(580, 'aso', 1, 0, 0, 0, 106, 1),
(581, 'aso', 1, 0, 0, 0, 241, 1),
(582, 'aso', 1, 0, 0, 0, 242, 1),
(583, 'aso', 1, 0, 0, 0, 58, 1),
(584, 'aso', 1, 0, 0, 0, 266, 1),
(585, 'aso', 1, 0, 0, 0, 5, 1),
(586, 'aso', 1, 0, 0, 0, 194, 1),
(587, 'aso', 1, 0, 0, 0, 432, 1),
(588, 'aso', 1, 0, 0, 0, 299, 1),
(589, 'aso', 1, 0, 0, 0, 300, 1),
(590, 'aso', 1, 0, 0, 0, 18, 1),
(591, 'aso', 1, 0, 0, 0, 364, 1),
(592, 'aso', 1, 0, 0, 0, 134, 1),
(593, 'aso', 1, 0, 0, 0, 255, 1),
(594, 'aso', 2, 0, 0, 0, 9, 1),
(595, 'aso', 1, 0, 0, 0, 214, 1),
(596, 'aso', 1, 0, 0, 0, 388, 1),
(597, 'aso', 1, 0, 0, 0, 137, 1),
(598, 'aso', 2, 0, 0, 0, 1, 1),
(599, 'aso', 1, 0, 0, 0, 347, 1),
(600, 'aso', 1, 0, 0, 0, 28, 1),
(601, 'aso', 1, 0, 0, 0, 127, 1),
(602, 'aso', 1, 0, 0, 0, 128, 1),
(603, 'aso', 1, 0, 0, 0, 390, 1),
(604, 'aso', 1, 0, 0, 0, 60, 1),
(605, 'aso', 1, 0, 0, 0, 154, 1),
(606, 'aso', 2, 0, 0, 0, 95, 1),
(607, 'aso', 1, 0, 0, 0, 327, 1),
(608, 'aso', 2, 0, 0, 0, 241, 1),
(609, 'aso', 1, 0, 0, 0, 241, 1),
(610, 'aso', 1, 0, 0, 0, 298, 1),
(611, 'aso', 1, 0, 0, 0, 159, 1),
(612, 'aso', 1, 0, 0, 0, 242, 1),
(613, 'aso', 1, 0, 0, 0, 414, 1),
(614, 'aso', 1, 0, 0, 0, 99, 1),
(615, 'aso', 2, 0, 0, 0, 162, 1),
(616, 'aso', 1, 0, 0, 0, 274, 1),
(617, 'aso', 1, 0, 0, 0, 423, 1),
(618, 'aso', 1, 0, 0, 0, 106, 1),
(619, 'aso', 1, 0, 0, 0, 301, 1),
(620, 'aso', 1, 0, 0, 0, 38, 1),
(621, 'aso', 2, 0, 0, 0, 109, 1),
(622, 'aso', 2, 0, 0, 0, 228, 1),
(623, 'aso', 1, 0, 0, 0, 228, 1),
(624, 'aso', 1, 0, 0, 0, 252, 1),
(625, 'aso', 1, 0, 0, 0, 337, 1),
(626, 'aso', 1, 0, 0, 0, 403, 1),
(627, 'aso', 3, 0, 0, 0, 254, 1),
(628, 'aso', 1, 0, 0, 0, 44, 1),
(629, 'aso', 3, 0, 0, 0, 286, 1),
(630, 'aso', 2, 0, 0, 0, 214, 1),
(631, 'aso', 1, 0, 0, 0, 178, 1),
(632, 'aso', 1, 0, 0, 0, 293, 1),
(633, 'aso', 1, 0, 0, 0, 91, 1),
(634, 'aso', 1, 0, 0, 0, 29, 1),
(635, 'aso', 1, 0, 0, 0, 18, 1),
(636, 'aso', 1, 0, 0, 0, 399, 1),
(637, 'aso', 1, 0, 0, 0, 119, 1),
(638, 'aso', 1, 0, 0, 0, 192, 1),
(639, 'aso', 1, 0, 0, 0, 230, 1),
(640, 'aso', 1, 0, 0, 0, 167, 1),
(641, 'aso', 1, 0, 0, 0, 143, 1),
(642, 'aso', 1, 0, 0, 0, 42, 1),
(643, 'aso', 1, 0, 0, 0, 89, 1),
(644, 'aso', 1, 0, 0, 0, 73, 1),
(645, 'aso', 1, 0, 0, 0, 49, 1),
(646, 'aso', 1, 0, 0, 0, 121, 1),
(647, 'aso', 1, 0, 0, 0, 68, 1),
(648, 'aso', 1, 0, 0, 0, 1, 1),
(649, 'aso', 1, 0, 0, 0, 101, 1),
(650, 'aso', 1, 0, 0, 0, 228, 1),
(651, 'aso', 1, 0, 0, 0, 241, 1),
(652, 'aso', 1, 0, 0, 0, 242, 1),
(653, 'aso', 1, 0, 0, 0, 99, 1),
(654, 'aso', 1, 0, 0, 0, 85, 1),
(655, 'aso', 1, 0, 0, 0, 434, 1),
(656, 'aso', 1, 0, 0, 0, 184, 1),
(657, 'aso', 1, 0, 0, 0, 210, 1),
(658, 'aso', 1, 0, 0, 0, 243, 1),
(659, 'aso', 1, 0, 0, 0, 86, 1),
(660, 'aso', 1, 0, 0, 0, 149, 1),
(661, 'aso', 2, 0, 0, 0, 101, 1),
(662, 'aso', 1, 0, 0, 0, 28, 1),
(663, 'aso', 1, 0, 0, 0, 228, 1),
(664, 'aso', 2, 0, 0, 0, 214, 1),
(665, 'aso', 1, 0, 0, 0, 274, 1),
(666, 'aso', 1, 0, 0, 0, 208, 1),
(667, 'aso', 1, 0, 0, 0, 397, 1),
(668, 'aso', 1, 0, 0, 0, 157, 1),
(669, 'aso', 1, 0, 0, 0, 66, 1),
(670, 'aso', 1, 0, 0, 0, 415, 1),
(671, 'aso', 1, 0, 0, 0, 311, 1),
(672, 'aso', 1, 0, 0, 0, 204, 1),
(673, 'aso', 1, 0, 0, 0, 428, 1),
(674, 'aso', 1, 0, 0, 0, 265, 1),
(675, 'aso', 1, 0, 0, 0, 39, 1),
(676, 'aso', 1, 0, 0, 0, 407, 1),
(677, 'aso', 1, 0, 0, 0, 370, 1),
(678, 'aso', 1, 0, 0, 0, 188, 1),
(679, 'aso', 1, 0, 0, 0, 303, 1),
(680, 'aso', 1, 0, 0, 0, 25, 1),
(681, 'aso', 1, 0, 0, 0, 295, 1),
(682, 'aso', 1, 0, 0, 0, 90, 1),
(683, 'aso', 1, 0, 0, 0, 343, 1),
(684, 'aso', 1, 0, 0, 0, 385, 1),
(685, 'aso', 1, 0, 0, 0, 286, 1),
(686, 'aso', 1, 0, 0, 0, 396, 1),
(687, 'aso', 1, 0, 0, 0, 2, 1),
(688, 'aso', 1, 0, 0, 0, 30, 1),
(689, 'aso', 1, 0, 0, 0, 340, 1),
(690, 'aso', 1, 0, 0, 0, 389, 1),
(691, 'aso', 1, 0, 0, 0, 46, 1),
(692, 'aso', 1, 0, 0, 0, 279, 1),
(693, 'aso', 1, 0, 0, 0, 189, 1),
(694, 'aso', 1, 0, 0, 0, 77, 1),
(695, 'aso', 1, 0, 0, 0, 223, 1),
(696, 'aso', 1, 0, 0, 0, 384, 1),
(697, 'aso', 1, 0, 0, 0, 262, 1),
(698, 'aso', 1, 0, 0, 0, 166, 1),
(699, 'aso', 1, 0, 0, 0, 97, 1),
(700, 'aso', 1, 0, 0, 0, 157, 1),
(701, 'aso', 1, 0, 0, 0, 383, 1),
(702, 'aso', 1, 0, 0, 0, 232, 1),
(703, 'aso', 1, 0, 0, 0, 88, 1),
(704, 'aso', 1, 0, 0, 0, 123, 1),
(705, 'aso', 1, 0, 0, 0, 18, 1),
(706, 'aso', 1, 0, 0, 0, 384, 1),
(707, 'aso', 1, 0, 0, 0, 399, 1),
(708, 'aso', 1, 0, 0, 0, 103, 1),
(709, 'aso', 1, 0, 0, 0, 228, 1),
(710, 'aso', 1, 0, 0, 0, 287, 1),
(711, 'aso', 1, 0, 0, 0, 387, 1),
(712, 'aso', 1, 0, 0, 0, 230, 1),
(713, 'aso', 1, 0, 0, 0, 15, 1),
(714, 'aso', 1, 0, 0, 0, 10, 1),
(715, 'aso', 1, 0, 0, 0, 141, 1),
(716, 'aso', 1, 0, 0, 0, 136, 1),
(717, 'aso', 1, 0, 0, 0, 383, 1),
(718, 'aso', 1, 0, 0, 0, 73, 1),
(719, 'aso', 1, 0, 0, 0, 49, 1),
(720, 'aso', 1, 0, 0, 0, 105, 1),
(721, 'aso', 1, 0, 0, 0, 68, 1),
(722, 'aso', 1, 0, 0, 0, 306, 1),
(723, 'aso', 1, 0, 0, 0, 142, 1),
(724, 'aso', 1, 0, 0, 0, 94, 1),
(725, 'aso', 1, 0, 0, 0, 87, 1),
(726, 'aso', 1, 0, 0, 0, 241, 1),
(727, 'aso', 1, 0, 0, 0, 245, 1),
(728, 'aso', 1, 0, 0, 0, 132, 1),
(729, 'aso', 1, 0, 0, 0, 118, 1),
(730, 'aso', 1, 0, 0, 0, 410, 1),
(731, 'aso', 1, 0, 0, 0, 375, 1),
(732, 'aso', 1, 0, 0, 0, 161, 1),
(733, 'aso', 1, 0, 0, 0, 250, 1),
(734, 'aso', 1, 0, 0, 0, 164, 1),
(735, 'aso', 1, 0, 0, 0, 17, 1),
(736, 'aso', 1, 0, 0, 0, 20, 1),
(737, 'aso', 1, 0, 0, 0, 281, 1),
(738, 'aso', 1, 0, 0, 0, 288, 1),
(739, 'aso', 1, 0, 0, 0, 101, 1),
(740, 'aso', 1, 0, 0, 0, 301, 1),
(741, 'aso', 1, 0, 0, 0, 101, 1),
(742, 'aso', 1, 0, 0, 0, 252, 1),
(743, 'aso', 1, 0, 0, 0, 337, 1),
(744, 'aso', 1, 0, 0, 0, 358, 1),
(745, 'aso', 1, 0, 0, 0, 230, 1),
(746, 'aso', 1, 0, 0, 0, 278, 1),
(747, 'aso', 1, 0, 0, 0, 225, 1),
(748, 'aso', 1, 0, 0, 0, 424, 1),
(749, 'aso', 1, 0, 0, 0, 51, 1),
(750, 'aso', 1, 0, 0, 0, 221, 1),
(751, 'aso', 1, 0, 0, 0, 295, 1),
(752, 'aso', 1, 0, 0, 0, 306, 1),
(753, 'aso', 1, 0, 0, 0, 142, 1),
(754, 'aso', 1, 0, 0, 0, 94, 1),
(755, 'aso', 1, 0, 0, 0, 87, 1),
(756, 'aso', 1, 0, 0, 0, 241, 1),
(757, 'aso', 1, 0, 0, 0, 122, 1),
(758, 'aso', 1, 0, 0, 0, 245, 1),
(759, 'aso', 1, 0, 0, 0, 9, 1),
(760, 'aso', 1, 0, 0, 0, 255, 1),
(761, 'aso', 1, 0, 0, 0, 388, 1),
(762, 'aso', 1, 0, 0, 0, 100, 1),
(763, 'aso', 1, 0, 0, 0, 322, 1),
(764, 'aso', 1, 0, 0, 0, 140, 1),
(765, 'aso', 1, 0, 0, 0, 71, 1),
(766, 'aso', 1, 0, 0, 0, 238, 1),
(767, 'aso', 1, 0, 0, 0, 360, 1),
(768, 'aso', 1, 0, 0, 0, 94, 1),
(769, 'aso', 1, 0, 0, 0, 4, 1),
(770, 'aso', 1, 0, 0, 0, 367, 1),
(771, 'aso', 1, 0, 0, 0, 426, 1),
(772, 'aso', 1, 0, 0, 0, 23, 1),
(773, 'aso', 1, 0, 0, 0, 425, 1),
(774, 'aso', 1, 0, 0, 0, 10, 1),
(775, 'aso', 1, 0, 0, 0, 141, 1),
(776, 'aso', 1, 0, 0, 0, 120, 1),
(777, 'aso', 1, 0, 0, 0, 383, 1),
(778, 'aso', 1, 0, 0, 0, 9, 1),
(779, 'aso', 1, 0, 0, 0, 100, 1),
(780, 'aso', 1, 0, 0, 0, 299, 1),
(781, 'aso', 1, 0, 0, 0, 79, 1),
(782, 'aso', 1, 0, 0, 0, 62, 1),
(783, 'aso', 1, 0, 0, 0, 63, 1),
(784, 'aso', 1, 0, 0, 0, 58, 1),
(785, 'aso', 1, 0, 0, 0, 22, 1),
(786, 'aso', 1, 0, 0, 0, 388, 1),
(787, 'aso', 1, 0, 0, 0, 231, 1),
(788, 'aso', 1, 0, 0, 0, 362, 1),
(789, 'aso', 1, 0, 0, 0, 175, 1),
(790, 'aso', 1, 0, 0, 0, 322, 1),
(791, 'aso', 1, 0, 0, 0, 135, 1),
(792, 'aso', 1, 0, 0, 0, 71, 1),
(793, 'aso', 1, 0, 0, 0, 238, 1),
(794, 'aso', 1, 0, 0, 0, 4, 1),
(795, 'aso', 1, 0, 0, 0, 367, 1),
(796, 'aso', 1, 0, 0, 0, 10, 1),
(797, 'aso', 1, 0, 0, 0, 136, 1),
(798, 'aso', 1, 0, 0, 0, 120, 1),
(799, 'aso', 1, 0, 0, 0, 383, 1),
(800, 'aso', 1, 0, 0, 0, 306, 1),
(801, 'aso', 1, 0, 0, 0, 94, 1),
(802, 'aso', 1, 0, 0, 0, 87, 1),
(803, 'aso', 1, 0, 0, 0, 241, 1),
(804, 'aso', 1, 0, 0, 0, 122, 1),
(805, 'aso', 1, 0, 0, 0, 245, 1),
(806, 'aso', 1, 0, 0, 0, 132, 1),
(807, 'aso', 1, 0, 0, 0, 104, 1),
(808, 'aso', 1, 0, 0, 0, 42, 1),
(809, 'aso', 1, 0, 0, 0, 89, 1),
(810, 'aso', 1, 0, 0, 0, 54, 1),
(811, 'aso', 1, 0, 0, 0, 314, 1),
(812, 'aso', 1, 0, 0, 0, 384, 1),
(813, 'aso', 1, 0, 0, 0, 1, 1),
(814, 'aso', 1, 0, 0, 0, 9, 1),
(815, 'aso', 1, 0, 0, 0, 304, 1),
(816, 'aso', 1, 0, 0, 0, 335, 1),
(817, 'aso', 1, 0, 0, 0, 308, 1),
(818, 'aso', 1, 0, 0, 0, 355, 1),
(819, 'aso', 1, 0, 0, 0, 384, 1),
(820, 'aso', 1, 0, 0, 0, 219, 1),
(821, 'aso', 1, 0, 0, 0, 393, 1),
(822, 'aso', 1, 0, 0, 0, 234, 1),
(823, 'aso', 1, 0, 0, 0, 256, 1),
(824, 'aso', 1, 0, 0, 0, 407, 1),
(825, 'aso', 1, 0, 0, 0, 241, 1),
(826, 'aso', 1, 0, 0, 0, 97, 1),
(827, 'aso', 1, 0, 0, 0, 187, 1),
(828, 'aso', 1, 0, 0, 0, 108, 1),
(829, 'aso', 1, 0, 0, 0, 86, 1),
(830, 'aso', 1, 0, 0, 0, 353, 1),
(831, 'aso', 1, 0, 0, 0, 96, 1),
(832, 'aso', 1, 0, 0, 0, 321, 1),
(833, 'aso', 1, 0, 0, 0, 263, 1),
(834, 'aso', 1, 0, 0, 0, 334, 1),
(835, 'aso', 1, 0, 0, 0, 348, 1),
(836, 'aso', 1, 0, 0, 0, 407, 1),
(837, 'aso', 1, 0, 0, 0, 407, 1),
(838, 'aso', 1, 0, 0, 0, 261, 1),
(839, 'aso', 1, 0, 0, 0, 284, 1),
(840, 'aso', 1, 0, 0, 0, 84, 1),
(841, 'aso', 1, 0, 0, 0, 239, 1),
(842, 'aso', 1, 0, 0, 0, 268, 1),
(843, 'aso', 1, 0, 0, 0, 61, 1),
(844, 'aso', 1, 0, 0, 0, 438, 1),
(845, 'aso', 1, 0, 0, 0, 101, 1),
(846, 'aso', 1, 0, 0, 0, 286, 1),
(847, 'aso', 1, 0, 0, 0, 162, 1),
(848, 'aso', 1, 0, 0, 0, 423, 1),
(849, 'aso', 1, 0, 0, 0, 254, 1),
(850, 'aso', 1, 0, 0, 0, 163, 1),
(851, 'aso', 1, 0, 0, 0, 109, 1),
(852, 'aso', 1, 0, 0, 0, 262, 1),
(853, 'aso', 1, 0, 0, 0, 269, 1),
(854, 'aso', 1, 0, 0, 0, 193, 1),
(855, 'aso', 1, 0, 0, 0, 208, 1),
(856, 'aso', 1, 0, 0, 0, 8, 1),
(857, 'aso', 1, 0, 0, 0, 97, 1),
(858, 'aso', 1, 0, 0, 0, 383, 1),
(859, 'aso', 1, 0, 0, 0, 415, 1),
(860, 'aso', 1, 0, 0, 0, 232, 1),
(861, 'aso', 1, 0, 0, 0, 384, 1),
(862, 'aso', 1, 0, 0, 0, 117, 1),
(863, 'aso', 1, 0, 0, 0, 166, 1),
(864, 'aso', 1, 0, 0, 0, 437, 1),
(865, 'aso', 1, 0, 0, 0, 66, 1),
(866, 'aso', 1, 0, 0, 0, 201, 1),
(867, 'aso', 1, 0, 0, 0, 88, 1),
(868, 'aso', 1, 0, 0, 0, 277, 1),
(869, 'aso', 1, 0, 0, 0, 16, 1),
(870, 'aso', 1, 0, 0, 0, 1, 1),
(871, 'aso', 1, 0, 0, 0, 101, 1),
(872, 'aso', 1, 0, 0, 0, 95, 1),
(873, 'aso', 1, 0, 0, 0, 241, 1),
(874, 'aso', 1, 0, 0, 0, 270, 1),
(875, 'aso', 1, 0, 0, 0, 410, 1),
(876, 'aso', 1, 0, 0, 0, 375, 1),
(877, 'aso', 1, 0, 0, 0, 237, 1),
(878, 'aso', 1, 0, 0, 0, 250, 1),
(879, 'aso', 2, 0, 0, 0, 378, 1),
(880, 'aso', 1, 0, 0, 0, 164, 1),
(881, 'aso', 1, 0, 0, 0, 22, 1),
(882, 'aso', 2, 0, 0, 0, 181, 1),
(883, 'aso', 2, 0, 0, 0, 222, 1),
(884, 'aso', 1, 0, 0, 0, 17, 1),
(885, 'aso', 1, 0, 0, 0, 125, 1),
(886, 'aso', 2, 0, 0, 0, 101, 1),
(887, 'aso', 2, 0, 0, 0, 286, 1),
(888, 'aso', 1, 0, 0, 0, 154, 1),
(889, 'aso', 1, 0, 0, 0, 423, 1),
(890, 'aso', 2, 0, 0, 0, 254, 1),
(891, 'aso', 1, 0, 0, 0, 44, 1),
(892, 'aso', 1, 0, 0, 0, 155, 1),
(893, 'aso', 1, 0, 0, 0, 350, 1),
(894, 'aso', 1, 0, 0, 0, 410, 1),
(895, 'aso', 1, 0, 0, 0, 375, 1),
(896, 'aso', 1, 0, 0, 0, 161, 1),
(897, 'aso', 1, 0, 0, 0, 250, 1),
(898, 'aso', 1, 0, 0, 0, 17, 1),
(899, 'aso', 1, 0, 0, 0, 125, 1),
(900, 'aso', 1, 0, 0, 0, 406, 1),
(901, 'aso', 1, 0, 0, 0, 416, 1),
(902, 'aso', 1, 0, 0, 0, 384, 1),
(903, 'aso', 1, 0, 0, 0, 262, 1),
(904, 'aso', 1, 0, 0, 0, 117, 1),
(905, 'aso', 1, 0, 0, 0, 97, 1),
(906, 'aso', 1, 0, 0, 0, 157, 1),
(907, 'aso', 1, 0, 0, 0, 383, 1),
(908, 'aso', 1, 0, 0, 0, 232, 1),
(909, 'aso', 1, 0, 0, 0, 88, 1),
(910, 'aso', 1, 0, 0, 0, 103, 1),
(911, 'aso', 1, 0, 0, 0, 192, 1),
(912, 'aso', 1, 0, 0, 0, 326, 1),
(913, 'aso', 1, 0, 0, 0, 40, 1),
(914, 'aso', 1, 0, 0, 0, 22, 1),
(915, 'aso', 1, 0, 0, 0, 435, 1),
(916, 'aso', 1, 0, 0, 0, 419, 1),
(917, 'aso', 1, 0, 0, 0, 92, 1),
(918, 'aso', 1, 0, 0, 0, 54, 1),
(919, 'aso', 1, 0, 0, 0, 85, 1),
(920, 'aso', 1, 0, 0, 0, 379, 1),
(921, 'aso', 1, 0, 0, 0, 402, 1),
(922, 'aso', 1, 0, 0, 0, 253, 1),
(923, 'aso', 1, 0, 0, 0, 434, 1),
(924, 'aso', 1, 0, 0, 0, 184, 1),
(925, 'aso', 1, 0, 0, 0, 210, 1),
(926, 'aso', 1, 0, 0, 0, 243, 1),
(927, 'aso', 1, 0, 0, 0, 55, 1),
(928, 'aso', 1, 0, 0, 0, 139, 1),
(929, 'aso', 1, 0, 0, 0, 228, 1),
(930, 'aso', 1, 0, 0, 0, 213, 1),
(931, 'aso', 1, 0, 0, 0, 199, 1),
(932, 'aso', 1, 0, 0, 0, 436, 1),
(933, 'aso', 1, 0, 0, 0, 242, 1),
(934, 'aso', 1, 0, 0, 0, 70, 1),
(935, 'aso', 1, 0, 0, 0, 351, 1),
(936, 'aso', 1, 0, 0, 0, 11, 1),
(937, 'aso', 1, 0, 0, 0, 205, 1),
(938, 'aso', 1, 0, 0, 0, 297, 1),
(939, 'aso', 1, 0, 0, 0, 75, 1),
(940, 'aso', 1, 0, 0, 0, 332, 1),
(941, 'aso', 1, 0, 0, 0, 346, 1),
(942, 'aso', 1, 0, 0, 0, 101, 1),
(943, 'aso', 1, 0, 0, 0, 95, 1),
(944, 'aso', 1, 0, 0, 0, 403, 1),
(945, 'aso', 1, 0, 0, 0, 293, 1),
(946, 'aso', 1, 0, 0, 0, 398, 1),
(947, 'aso', 1, 0, 0, 0, 404, 1),
(948, 'aso', 1, 0, 0, 0, 235, 1),
(949, 'aso', 2, 0, 0, 0, 161, 1),
(950, 'aso', 2, 0, 0, 0, 378, 1),
(951, 'aso', 2, 0, 0, 0, 222, 1),
(952, 'aso', 1, 0, 0, 0, 83, 1),
(953, 'aso', 1, 0, 0, 0, 211, 1),
(954, 'aso', 1, 0, 0, 0, 228, 1),
(955, 'aso', 1, 0, 0, 0, 248, 1),
(956, 'aso', 1, 0, 0, 0, 54, 1),
(957, 'aso', 2, 0, 0, 0, 85, 1),
(958, 'aso', 1, 0, 0, 0, 402, 1),
(959, 'aso', 2, 0, 0, 0, 434, 1),
(960, 'aso', 1, 0, 0, 0, 107, 1),
(961, 'aso', 1, 0, 0, 0, 173, 1),
(962, 'aso', 2, 0, 0, 0, 210, 1),
(963, 'aso', 2, 0, 0, 0, 243, 1),
(964, 'aso', 1, 0, 0, 0, 233, 1),
(965, 'aso', 1, 0, 0, 0, 62, 1),
(966, 'aso', 1, 0, 0, 0, 250, 1),
(967, 'aso', 1, 0, 0, 0, 264, 1),
(968, 'aso', 1, 0, 0, 0, 12, 1),
(969, 'aso', 1, 0, 0, 0, 355, 1),
(970, 'aso', 1, 0, 0, 0, 212, 1),
(971, 'aso', 1, 0, 0, 0, 9, 1),
(972, 'aso', 1, 0, 0, 0, 251, 1),
(973, 'aso', 1, 0, 0, 0, 388, 1),
(974, 'aso', 1, 0, 0, 0, 318, 1),
(975, 'aso', 1, 0, 0, 0, 393, 1),
(976, 'aso', 1, 0, 0, 0, 148, 1),
(977, 'aso', 1, 0, 0, 0, 234, 1),
(978, 'aso', 1, 0, 0, 0, 256, 1),
(979, 'aso', 1, 0, 0, 0, 407, 1),
(980, 'aso', 1, 0, 0, 0, 241, 1),
(981, 'aso', 1, 0, 0, 0, 97, 1),
(982, 'aso', 1, 0, 0, 0, 204, 1),
(983, 'aso', 1, 0, 0, 0, 428, 1),
(984, 'aso', 1, 0, 0, 0, 265, 1),
(985, 'aso', 1, 0, 0, 0, 39, 1),
(986, 'aso', 1, 0, 0, 0, 112, 1),
(987, 'aso', 1, 0, 0, 0, 407, 1),
(988, 'aso', 1, 0, 0, 0, 370, 1),
(989, 'aso', 1, 0, 0, 0, 303, 1),
(990, 'aso', 1, 0, 0, 0, 116, 1),
(991, 'aso', 1, 0, 0, 0, 77, 1),
(992, 'aso', 1, 0, 0, 0, 223, 1),
(993, 'aso', 1, 0, 0, 0, 76, 1),
(994, 'aso', 1, 0, 0, 0, 197, 1),
(995, 'aso', 1, 0, 0, 0, 387, 1),
(996, 'aso', 1, 0, 0, 0, 373, 1),
(997, 'aso', 1, 0, 0, 0, 103, 1),
(998, 'aso', 1, 0, 0, 0, 167, 1),
(999, 'aso', 1, 0, 0, 0, 269, 1),
(1000, 'aso', 1, 0, 0, 0, 157, 1),
(1001, 'aso', 1, 0, 0, 0, 214, 1),
(1002, 'aso', 1, 0, 0, 0, 5, 1),
(1003, 'aso', 1, 0, 0, 0, 100, 1),
(1004, 'aso', 1, 0, 0, 0, 272, 1),
(1005, 'aso', 1, 0, 0, 0, 286, 1),
(1006, 'aso', 1, 0, 0, 0, 80, 1),
(1007, 'aso', 1, 0, 0, 0, 273, 1),
(1008, 'aso', 1, 0, 0, 0, 387, 1),
(1009, 'aso', 1, 0, 0, 0, 373, 1),
(1010, 'aso', 1, 0, 0, 0, 191, 1),
(1011, 'aso', 1, 0, 0, 0, 226, 1),
(1012, 'aso', 1, 0, 0, 0, 271, 1),
(1013, 'aso', 1, 0, 0, 0, 67, 1),
(1014, 'aso', 1, 0, 0, 0, 228, 1),
(1015, 'aso', 1, 0, 0, 0, 213, 1),
(1016, 'aso', 1, 0, 0, 0, 176, 1),
(1017, 'aso', 1, 0, 0, 0, 436, 1),
(1018, 'aso', 1, 0, 0, 0, 242, 1),
(1019, 'aso', 1, 0, 0, 0, 384, 1),
(1020, 'aso', 1, 0, 0, 0, 323, 1),
(1021, 'aso', 1, 0, 0, 0, 3, 1),
(1022, 'aso', 1, 0, 0, 0, 288, 1),
(1023, 'aso', 1, 0, 0, 0, 407, 1),
(1024, 'aso', 1, 0, 0, 0, 8, 1),
(1025, 'aso', 1, 0, 0, 0, 157, 1),
(1026, 'aso', 1, 0, 0, 0, 433, 1),
(1027, 'aso', 1, 0, 0, 0, 74, 1),
(1028, 'aso', 1, 0, 0, 0, 53, 1),
(1029, 'aso', 1, 0, 0, 0, 384, 1),
(1030, 'aso', 1, 0, 0, 0, 62, 1),
(1031, 'aso', 1, 0, 0, 0, 36, 1),
(1032, 'aso', 1, 0, 0, 0, 429, 1),
(1033, 'aso', 1, 0, 0, 0, 431, 1),
(1034, 'aso', 1, 0, 0, 0, 392, 1),
(1035, 'aso', 1, 0, 0, 0, 32, 1),
(1036, 'aso', 1, 0, 0, 0, 428, 1),
(1037, 'aso', 1, 0, 0, 0, 265, 1),
(1038, 'aso', 1, 0, 0, 0, 39, 1),
(1039, 'aso', 1, 0, 0, 0, 112, 1),
(1040, 'aso', 1, 0, 0, 0, 407, 1),
(1041, 'aso', 1, 0, 0, 0, 370, 1),
(1042, 'aso', 1, 0, 0, 0, 188, 1),
(1043, 'aso', 1, 0, 0, 0, 303, 1),
(1044, 'aso', 1, 0, 0, 0, 70, 1),
(1045, 'aso', 1, 0, 0, 0, 351, 1),
(1046, 'aso', 1, 0, 0, 0, 11, 1),
(1047, 'aso', 1, 0, 0, 0, 177, 1),
(1048, 'aso', 1, 0, 0, 0, 297, 1),
(1049, 'aso', 1, 0, 0, 0, 75, 1),
(1050, 'aso', 1, 0, 0, 0, 332, 1),
(1051, 'aso', 1, 0, 0, 0, 383, 1),
(1052, 'aso', 1, 0, 0, 0, 302, 1),
(1053, 'aso', 1, 0, 0, 0, 346, 1),
(1054, 'aso', 1, 0, 0, 0, 19, 1),
(1055, 'aso', 1, 0, 0, 0, 286, 1),
(1056, 'aso', 1, 0, 0, 0, 35, 1),
(1057, 'aso', 1, 0, 0, 0, 6, 1),
(1058, 'aso', 2, 0, 0, 0, 352, 1),
(1059, 'aso', 1, 0, 0, 0, 352, 1),
(1060, 'aso', 1, 0, 0, 0, 109, 1),
(1061, 'aso', 1, 0, 0, 0, 157, 1),
(1062, 'aso', 1, 0, 0, 0, 66, 1),
(1063, 'aso', 1, 0, 0, 0, 415, 1),
(1064, 'aso', 1, 0, 0, 0, 322, 1),
(1065, 'aso', 1, 0, 0, 0, 9, 1),
(1066, 'aso', 1, 0, 0, 0, 325, 1),
(1067, 'aso', 1, 0, 0, 0, 412, 1),
(1068, 'aso', 1, 0, 0, 0, 48, 1),
(1069, 'aso', 1, 0, 0, 0, 313, 1),
(1070, 'aso', 1, 0, 0, 0, 388, 1),
(1071, 'aso', 1, 0, 0, 0, 8, 1),
(1072, 'aso', 1, 0, 0, 0, 243, 1),
(1073, 'aso', 1, 0, 0, 0, 54, 1),
(1074, 'aso', 2, 0, 0, 0, 85, 1),
(1075, 'aso', 1, 0, 0, 0, 402, 1),
(1076, 'aso', 2, 0, 0, 0, 434, 1),
(1077, 'aso', 1, 0, 0, 0, 107, 1),
(1078, 'aso', 1, 0, 0, 0, 173, 1),
(1079, 'aso', 2, 0, 0, 0, 184, 1),
(1080, 'aso', 2, 0, 0, 0, 243, 1),
(1081, 'aso', 1, 0, 0, 0, 83, 1),
(1082, 'aso', 1, 0, 0, 0, 182, 1),
(1083, 'aso', 1, 0, 0, 0, 9, 1),
(1084, 'aso', 1, 0, 0, 0, 251, 1),
(1085, 'aso', 1, 0, 0, 0, 388, 1),
(1086, 'aso', 1, 0, 0, 0, 318, 1),
(1087, 'aso', 1, 0, 0, 0, 186, 1),
(1088, 'aso', 1, 0, 0, 0, 228, 1),
(1089, 'aso', 1, 0, 0, 0, 176, 1),
(1090, 'aso', 1, 0, 0, 0, 199, 1),
(1091, 'aso', 1, 0, 0, 0, 436, 1),
(1092, 'aso', 1, 0, 0, 0, 242, 1),
(1093, 'aso', 2, 0, 0, 0, 109, 1),
(1094, 'aso', 2, 0, 0, 0, 101, 1),
(1095, 'aso', 1, 0, 0, 0, 28, 1),
(1096, 'aso', 1, 0, 0, 0, 228, 1),
(1097, 'aso', 1, 0, 0, 0, 274, 1),
(1098, 'aso', 1, 0, 0, 0, 5, 1),
(1099, 'aso', 1, 0, 0, 0, 194, 1),
(1100, 'aso', 1, 0, 0, 0, 100, 1),
(1101, 'aso', 1, 0, 0, 0, 386, 1),
(1102, 'aso', 1, 0, 0, 0, 328, 1),
(1103, 'aso', 1, 0, 0, 0, 305, 1),
(1104, 'aso', 1, 0, 0, 0, 349, 1),
(1105, 'aso', 1, 0, 0, 0, 250, 1),
(1106, 'aso', 1, 0, 0, 0, 228, 1),
(1107, 'aso', 1, 0, 0, 0, 43, 1),
(1108, 'aso', 1, 0, 0, 0, 320, 1),
(1109, 'aso', 1, 0, 0, 0, 147, 1),
(1110, 'aso', 1, 0, 0, 0, 357, 1),
(1111, 'aso', 1, 0, 0, 0, 47, 1),
(1112, 'aso', 1, 0, 0, 0, 361, 1),
(1113, 'aso', 1, 0, 0, 0, 225, 1),
(1114, 'aso', 1, 0, 0, 0, 130, 1),
(1115, 'aso', 1, 0, 0, 0, 424, 1),
(1116, 'aso', 1, 0, 0, 0, 51, 1),
(1117, 'aso', 2, 0, 0, 0, 161, 1),
(1118, 'aso', 2, 0, 0, 0, 378, 1),
(1119, 'aso', 2, 0, 0, 0, 181, 1),
(1120, 'aso', 1, 0, 0, 0, 116, 1),
(1121, 'aso', 1, 0, 0, 0, 189, 1),
(1122, 'aso', 1, 0, 0, 0, 77, 1),
(1123, 'aso', 1, 0, 0, 0, 319, 1),
(1124, 'aso', 1, 0, 0, 0, 280, 1),
(1125, 'aso', 1, 0, 0, 0, 371, 1),
(1126, 'aso', 1, 0, 0, 0, 430, 1),
(1127, 'aso', 1, 0, 0, 0, 130, 1),
(1128, 'aso', 1, 0, 0, 0, 401, 1),
(1129, 'aso', 1, 0, 0, 0, 221, 1),
(1130, 'aso', 1, 0, 0, 0, 7, 1),
(1131, 'aso', 1, 0, 0, 0, 241, 1),
(1132, 'aso', 1, 0, 0, 0, 283, 1),
(1133, 'aso', 1, 0, 0, 0, 363, 1),
(1134, 'aso', 1, 0, 0, 0, 246, 1),
(1135, 'aso', 1, 0, 0, 0, 62, 1),
(1136, 'aso', 1, 0, 0, 0, 22, 1),
(1137, 'aso', 1, 0, 0, 0, 424, 1),
(1138, 'aso', 1, 0, 0, 0, 51, 1),
(1139, 'aso', 1, 0, 0, 0, 318, 1),
(1140, 'aso', 1, 0, 0, 0, 52, 1),
(1141, 'aso', 1, 0, 0, 0, 249, 1),
(1142, 'aso', 1, 0, 0, 0, 198, 1),
(1143, 'aso', 1, 0, 0, 0, 271, 1),
(1144, 'aso', 1, 0, 0, 0, 67, 1),
(1145, 'aso', 1, 0, 0, 0, 1, 1),
(1146, 'aso', 1, 0, 0, 0, 218, 1),
(1147, 'aso', 1, 0, 0, 0, 93, 1),
(1148, 'aso', 1, 0, 0, 0, 241, 1),
(1149, 'aso', 1, 0, 0, 0, 33, 1),
(1150, 'aso', 2, 0, 0, 0, 242, 1),
(1151, 'aso', 1, 0, 0, 0, 99, 1),
(1152, 'aso', 2, 0, 0, 0, 101, 1),
(1153, 'aso', 1, 0, 0, 0, 101, 1),
(1154, 'aso', 1, 0, 0, 0, 199, 1),
(1155, 'aso', 1, 0, 0, 0, 106, 1),
(1156, 'aso', 1, 0, 0, 0, 248, 1),
(1157, 'aso', 1, 0, 0, 0, 109, 1),
(1158, 'aso', 1, 0, 0, 0, 250, 1),
(1159, 'aso', 1, 0, 0, 0, 15, 1),
(1160, 'aso', 1, 0, 0, 0, 43, 1),
(1161, 'aso', 1, 0, 0, 0, 45, 1),
(1162, 'aso', 1, 0, 0, 0, 384, 1),
(1163, 'aso', 1, 0, 0, 0, 213, 1),
(1164, 'aso', 1, 0, 0, 0, 176, 1),
(1165, 'aso', 1, 0, 0, 0, 214, 1),
(1166, 'aso', 1, 0, 0, 0, 287, 1),
(1167, 'aso', 1, 0, 0, 0, 119, 1),
(1168, 'aso', 1, 0, 0, 0, 387, 1),
(1169, 'aso', 1, 0, 0, 0, 436, 1),
(1170, 'aso', 1, 0, 0, 0, 183, 1),
(1171, 'aso', 1, 0, 0, 0, 320, 1),
(1172, 'aso', 1, 0, 0, 0, 18, 1),
(1173, 'aso', 1, 0, 0, 0, 103, 1),
(1174, 'aso', 1, 0, 0, 0, 399, 1),
(1175, 'aso', 1, 0, 0, 0, 358, 1),
(1176, 'aso', 1, 0, 0, 0, 119, 1),
(1177, 'aso', 1, 0, 0, 0, 129, 1),
(1178, 'aso', 1, 0, 0, 0, 278, 1),
(1179, 'aso', 1, 0, 0, 0, 79, 1),
(1180, 'aso', 1, 0, 0, 0, 62, 1),
(1181, 'aso', 1, 0, 0, 0, 63, 1),
(1182, 'aso', 1, 0, 0, 0, 58, 1),
(1183, 'aso', 1, 0, 0, 0, 22, 1),
(1184, 'aso', 1, 0, 0, 0, 388, 1),
(1185, 'aso', 1, 0, 0, 0, 138, 1),
(1186, 'aso', 1, 0, 0, 0, 362, 1),
(1187, 'aso', 1, 0, 0, 0, 384, 1),
(1188, 'aso', 1, 0, 0, 0, 262, 1),
(1189, 'aso', 1, 0, 0, 0, 117, 1),
(1190, 'aso', 1, 0, 0, 0, 166, 1),
(1191, 'aso', 1, 0, 0, 0, 97, 1),
(1192, 'aso', 1, 0, 0, 0, 157, 1),
(1193, 'aso', 1, 0, 0, 0, 383, 1),
(1194, 'aso', 1, 0, 0, 0, 88, 1),
(1195, 'aso', 1, 0, 0, 0, 62, 1),
(1196, 'aso', 1, 0, 0, 0, 250, 1),
(1197, 'aso', 1, 0, 0, 0, 264, 1),
(1198, 'aso', 1, 0, 0, 0, 12, 1),
(1199, 'aso', 1, 0, 0, 0, 355, 1),
(1200, 'aso', 1, 0, 0, 0, 185, 1),
(1201, 'aso', 1, 0, 0, 0, 393, 1),
(1202, 'aso', 1, 0, 0, 0, 148, 1),
(1203, 'aso', 1, 0, 0, 0, 256, 1),
(1204, 'aso', 1, 0, 0, 0, 407, 1),
(1205, 'aso', 1, 0, 0, 0, 241, 1),
(1206, 'aso', 1, 0, 0, 0, 97, 1),
(1207, 'aso', 1, 0, 0, 0, 187, 1),
(1208, 'aso', 1, 0, 0, 0, 398, 1),
(1209, 'aso', 1, 0, 0, 0, 404, 1),
(1210, 'aso', 1, 0, 0, 0, 180, 1),
(1211, 'aso', 1, 0, 0, 0, 356, 1),
(1212, 'aso', 1, 0, 0, 0, 262, 1),
(1213, 'aso', 1, 0, 0, 0, 23, 1),
(1214, 'aso', 1, 0, 0, 0, 161, 1),
(1215, 'aso', 1, 0, 0, 0, 22, 1),
(1216, 'aso', 1, 0, 0, 0, 322, 1),
(1217, 'aso', 1, 0, 0, 0, 140, 1),
(1218, 'aso', 1, 0, 0, 0, 135, 1),
(1219, 'aso', 1, 0, 0, 0, 71, 1),
(1220, 'aso', 1, 0, 0, 0, 4, 1),
(1221, 'aso', 1, 0, 0, 0, 367, 1),
(1222, 'aso', 1, 0, 0, 0, 261, 1),
(1223, 'is a', 1, 0, 0, 0, 84, 1),
(1224, 'aso', 1, 0, 0, 0, 84, 1),
(1225, 'aso', 1, 0, 0, 0, 153, 1),
(1226, 'aso', 1, 0, 0, 0, 268, 1),
(1227, 'aso', 1, 0, 0, 0, 61, 1),
(1228, 'aso', 1, 0, 0, 0, 438, 1),
(1229, 'aso', 2, 0, 0, 0, 1, 1),
(1230, 'aso', 1, 0, 0, 0, 1, 1),
(1231, 'aso', 1, 0, 0, 0, 371, 1),
(1232, 'aso', 1, 0, 0, 0, 95, 1),
(1233, 'aso', 1, 0, 0, 0, 94, 1),
(1234, 'aso', 1, 0, 0, 0, 97, 1),
(1235, 'aso', 1, 0, 0, 0, 7, 1),
(1236, 'aso', 1, 0, 0, 0, 242, 1),
(1237, 'aso', 1, 0, 0, 0, 159, 1),
(1238, 'aso', 1, 0, 0, 0, 99, 1),
(1239, 'aso', 1, 0, 0, 0, 132, 1),
(1240, 'aso', 1, 0, 0, 0, 245, 1),
(1241, 'aso', 1, 0, 0, 0, 246, 1),
(1242, 'aso', 1, 0, 0, 0, 393, 1),
(1243, 'aso', 1, 0, 0, 0, 62, 1),
(1244, 'aso', 2, 0, 0, 0, 101, 1),
(1245, 'aso', 1, 0, 0, 0, 101, 1),
(1246, 'aso', 1, 0, 0, 0, 225, 1),
(1247, 'aso', 1, 0, 0, 0, 106, 1),
(1248, 'aso', 1, 0, 0, 0, 249, 1),
(1249, 'aso', 1, 0, 0, 0, 280, 1),
(1250, 'aso', 1, 0, 0, 0, 228, 1),
(1251, 'aso', 1, 0, 0, 0, 430, 1),
(1252, 'aso', 1, 0, 0, 0, 306, 1),
(1253, 'aso', 1, 0, 0, 0, 142, 1),
(1254, 'aso', 1, 0, 0, 0, 401, 1),
(1255, 'aso', 1, 0, 0, 0, 283, 1),
(1256, 'aso', 1, 0, 0, 0, 363, 1),
(1257, 'aso', 1, 0, 0, 0, 148, 1),
(1258, 'aso', 1, 0, 0, 0, 234, 1),
(1259, 'aso', 1, 0, 0, 0, 256, 1),
(1260, 'aso', 1, 0, 0, 0, 407, 1),
(1261, 'aso', 1, 0, 0, 0, 22, 1),
(1262, 'aso', 1, 0, 0, 0, 318, 1),
(1263, 'aso', 1, 0, 0, 0, 52, 1),
(1264, 'aso', 1, 0, 0, 0, 87, 1),
(1265, 'aso', 1, 0, 0, 0, 122, 1),
(1266, 'aso', 1, 0, 0, 0, 187, 1),
(1267, 'aso', 1, 0, 0, 0, 1, 1),
(1268, 'aso', 1, 0, 0, 0, 101, 1),
(1269, 'aso', 2, 0, 0, 0, 228, 1),
(1270, 'aso', 1, 0, 0, 0, 213, 1),
(1271, 'aso', 1, 0, 0, 0, 176, 1),
(1272, 'aso', 1, 0, 0, 0, 199, 1),
(1273, 'aso', 1, 0, 0, 0, 106, 1),
(1274, 'aso', 1, 0, 0, 0, 436, 1),
(1275, 'aso', 1, 0, 0, 0, 241, 1),
(1276, 'aso', 1, 0, 0, 0, 99, 1),
(1277, 'aso', 1, 0, 0, 0, 322, 1),
(1278, 'aso', 1, 0, 0, 0, 54, 1),
(1279, 'aso', 1, 0, 0, 0, 325, 1),
(1280, 'aso', 1, 0, 0, 0, 14, 1),
(1281, 'aso', 1, 0, 0, 0, 336, 1),
(1282, 'aso', 1, 0, 0, 0, 412, 1),
(1283, 'aso', 1, 0, 0, 0, 313, 1),
(1284, 'aso', 1, 0, 0, 0, 402, 1),
(1285, 'aso', 1, 0, 0, 0, 8, 1),
(1286, 'aso', 1, 0, 0, 0, 173, 1),
(1287, 'aso', 1, 0, 0, 0, 209, 1),
(1288, 'aso', 2, 0, 0, 0, 210, 1),
(1289, 'aso', 1, 0, 0, 0, 9, 1),
(1290, 'aso', 1, 0, 0, 0, 377, 1),
(1291, 'aso', 2, 0, 0, 0, 85, 1),
(1292, 'aso', 1, 0, 0, 0, 422, 1),
(1293, 'aso', 1, 0, 0, 0, 48, 1),
(1294, 'aso', 1, 0, 0, 0, 289, 1),
(1295, 'aso', 2, 0, 0, 0, 434, 1),
(1296, 'aso', 1, 0, 0, 0, 388, 1),
(1297, 'aso', 1, 0, 0, 0, 107, 1),
(1298, 'aso', 2, 0, 0, 0, 184, 1),
(1299, 'aso', 1, 0, 0, 0, 293, 1),
(1300, 'aso', 1, 0, 0, 0, 260, 1),
(1301, 'aso', 1, 0, 0, 0, 292, 1),
(1302, 'aso', 1, 0, 0, 0, 306, 1),
(1303, 'aso', 1, 0, 0, 0, 142, 1),
(1304, 'aso', 1, 0, 0, 0, 94, 1),
(1305, 'aso', 1, 0, 0, 0, 87, 1),
(1306, 'aso', 1, 0, 0, 0, 241, 1),
(1307, 'aso', 1, 0, 0, 0, 122, 1),
(1308, 'aso', 1, 0, 0, 0, 132, 1),
(1309, 'aso', 1, 0, 0, 0, 280, 1),
(1310, 'aso', 1, 0, 0, 0, 371, 1),
(1311, 'aso', 1, 0, 0, 0, 430, 1),
(1312, 'aso', 1, 0, 0, 0, 401, 1),
(1313, 'aso', 1, 0, 0, 0, 7, 1),
(1314, 'aso', 1, 0, 0, 0, 241, 1),
(1315, 'aso', 1, 0, 0, 0, 283, 1),
(1316, 'aso', 1, 0, 0, 0, 363, 1),
(1317, 'aso', 1, 0, 0, 0, 62, 1),
(1318, 'aso', 1, 0, 0, 0, 22, 1),
(1319, 'aso', 1, 0, 0, 0, 225, 1),
(1320, 'aso', 1, 0, 0, 0, 318, 1),
(1321, 'aso', 1, 0, 0, 0, 249, 1),
(1322, 'aso', 1, 0, 0, 0, 52, 1),
(1323, 'aso', 1, 0, 0, 0, 296, 1),
(1324, 'aso', 1, 0, 0, 0, 372, 1),
(1325, 'aso', 1, 0, 0, 0, 228, 1),
(1326, 'aso', 1, 0, 0, 0, 183, 1),
(1327, 'aso', 1, 0, 0, 0, 280, 1),
(1328, 'aso', 1, 0, 0, 0, 371, 1),
(1329, 'aso', 1, 0, 0, 0, 430, 1),
(1330, 'aso', 1, 0, 0, 0, 401, 1),
(1331, 'aso', 1, 0, 0, 0, 7, 1),
(1332, 'aso', 1, 0, 0, 0, 241, 1),
(1333, 'aso', 1, 0, 0, 0, 283, 1),
(1334, 'aso', 1, 0, 0, 0, 363, 1),
(1335, 'aso', 1, 0, 0, 0, 246, 1),
(1336, 'aso', 1, 0, 0, 0, 62, 1),
(1337, 'aso', 1, 0, 0, 0, 22, 1),
(1338, 'aso', 1, 0, 0, 0, 225, 1),
(1339, 'aso', 1, 0, 0, 0, 318, 1),
(1340, 'aso', 1, 0, 0, 0, 52, 1),
(1341, 'aso', 1, 0, 0, 0, 410, 1),
(1342, 'aso', 1, 0, 0, 0, 218, 1),
(1343, 'aso', 1, 0, 0, 0, 228, 1),
(1344, 'aso', 1, 0, 0, 0, 264, 1),
(1345, 'aso', 1, 0, 0, 0, 43, 1),
(1346, 'aso', 1, 0, 0, 0, 17, 1),
(1347, 'aso', 1, 0, 0, 0, 233, 1),
(1348, 'aso', 1, 0, 0, 0, 375, 1),
(1349, 'aso', 1, 0, 0, 0, 62, 1),
(1350, 'aso', 1, 0, 0, 0, 161, 1),
(1351, 'aso', 1, 0, 0, 0, 164, 1),
(1352, 'aso', 1, 0, 0, 0, 12, 1),
(1353, 'aso', 1, 0, 0, 0, 355, 1),
(1354, 'aso', 1, 0, 0, 0, 320, 1),
(1355, 'aso', 1, 0, 0, 0, 185, 1),
(1356, 'aso', 1, 0, 0, 0, 125, 1),
(1357, 'aso', 1, 0, 0, 0, 212, 1),
(1358, 'aso', 1, 0, 0, 0, 9, 1),
(1359, 'aso', 1, 0, 0, 0, 388, 1),
(1360, 'aso', 1, 0, 0, 0, 318, 1),
(1361, 'aso', 1, 0, 0, 0, 186, 1),
(1362, 'aso', 1, 0, 0, 0, 101, 1),
(1363, 'aso', 1, 0, 0, 0, 128, 1),
(1364, 'aso', 1, 0, 0, 0, 337, 1),
(1365, 'aso', 1, 0, 0, 0, 379, 1),
(1366, 'aso', 1, 0, 0, 0, 173, 1),
(1367, 'aso', 3, 0, 0, 0, 101, 1),
(1368, 'aso', 3, 0, 0, 0, 286, 1),
(1369, 'aso', 2, 0, 0, 0, 162, 1),
(1370, 'aso', 1, 0, 0, 0, 390, 1),
(1371, 'aso', 1, 0, 0, 0, 60, 1),
(1372, 'aso', 1, 0, 0, 0, 154, 1),
(1373, 'is a', 1, 0, 0, 0, 423, 1),
(1374, 'aso', 1, 0, 0, 0, 423, 1),
(1375, 'aso', 1, 0, 0, 0, 327, 1),
(1376, 'aso', 1, 0, 0, 0, 38, 1),
(1377, 'is a', 1, 0, 0, 0, 298, 1),
(1378, 'aso', 1, 0, 0, 0, 298, 1),
(1379, 'is a', 1, 0, 0, 0, 44, 1),
(1380, 'aso', 1, 0, 0, 0, 44, 1),
(1381, 'aso', 1, 0, 0, 0, 134, 1),
(1382, 'aso', 1, 0, 0, 0, 9, 1),
(1383, 'aso', 1, 0, 0, 0, 388, 1),
(1384, 'aso', 1, 0, 0, 0, 100, 1),
(1385, 'aso', 1, 0, 0, 0, 393, 1),
(1386, 'aso', 1, 0, 0, 0, 148, 1),
(1387, 'aso', 1, 0, 0, 0, 234, 1),
(1388, 'aso', 1, 0, 0, 0, 407, 1),
(1389, 'aso', 1, 0, 0, 0, 241, 1),
(1390, 'aso', 1, 0, 0, 0, 97, 1),
(1391, 'aso', 1, 0, 0, 0, 187, 1),
(1392, 'aso', 1, 0, 0, 0, 333, 1),
(1393, 'aso', 1, 0, 0, 0, 98, 1),
(1394, 'aso', 1, 0, 0, 0, 78, 1),
(1395, 'aso', 1, 0, 0, 0, 342, 1),
(1396, 'aso', 1, 0, 0, 0, 8, 1),
(1397, 'aso', 1, 0, 0, 0, 292, 1),
(1398, 'aso', 1, 0, 0, 0, 244, 1),
(1399, 'aso', 1, 0, 0, 0, 84, 1),
(1400, 'aso', 1, 0, 0, 0, 239, 1),
(1401, 'aso', 1, 0, 0, 0, 153, 1),
(1402, 'aso', 1, 0, 0, 0, 268, 1),
(1403, 'aso', 1, 0, 0, 0, 61, 1),
(1404, 'aso', 1, 0, 0, 0, 438, 1),
(1405, 'aso', 1, 0, 0, 0, 356, 1),
(1406, 'aso', 1, 0, 0, 0, 384, 1),
(1407, 'aso', 1, 0, 0, 0, 117, 1),
(1408, 'aso', 1, 0, 0, 0, 166, 1),
(1409, 'aso', 1, 0, 0, 0, 23, 1),
(1410, 'aso', 1, 0, 0, 0, 97, 1),
(1411, 'aso', 1, 0, 0, 0, 157, 1),
(1412, 'aso', 1, 0, 0, 0, 383, 1),
(1413, 'aso', 1, 0, 0, 0, 236, 1),
(1414, 'aso', 1, 0, 0, 0, 232, 1),
(1415, 'aso', 1, 0, 0, 0, 88, 1),
(1416, 'aso', 1, 0, 0, 0, 151, 1),
(1417, 'aso', 1, 0, 0, 0, 334, 1),
(1418, 'aso', 1, 0, 0, 0, 348, 1),
(1419, 'aso', 1, 0, 0, 0, 407, 1),
(1420, 'aso', 1, 0, 0, 0, 233, 1),
(1421, 'aso', 1, 0, 0, 0, 62, 1),
(1422, 'aso', 1, 0, 0, 0, 250, 1),
(1423, 'aso', 1, 0, 0, 0, 12, 1),
(1424, 'aso', 1, 0, 0, 0, 355, 1),
(1425, 'aso', 1, 0, 0, 0, 185, 1),
(1426, 'aso', 1, 0, 0, 0, 204, 1),
(1427, 'aso', 1, 0, 0, 0, 428, 1),
(1428, 'aso', 1, 0, 0, 0, 57, 1),
(1429, 'aso', 1, 0, 0, 0, 39, 1),
(1430, 'aso', 1, 0, 0, 0, 112, 1),
(1431, 'aso', 1, 0, 0, 0, 407, 1),
(1432, 'aso', 1, 0, 0, 0, 370, 1),
(1433, 'aso', 1, 0, 0, 0, 188, 1),
(1434, 'aso', 1, 0, 0, 0, 303, 1),
(1435, 'aso', 1, 0, 0, 0, 300, 1),
(1436, 'aso', 1, 0, 0, 0, 364, 1),
(1437, 'aso', 1, 0, 0, 0, 18, 1),
(1438, 'aso', 1, 0, 0, 0, 58, 1),
(1439, 'aso', 1, 0, 0, 0, 432, 1),
(1440, 'aso', 1, 0, 0, 0, 100, 1),
(1441, 'aso', 1, 0, 0, 0, 376, 1),
(1442, 'aso', 2, 0, 0, 0, 345, 1),
(1443, 'aso', 1, 0, 0, 0, 261, 1),
(1444, 'aso', 1, 0, 0, 0, 84, 1),
(1445, 'aso', 1, 0, 0, 0, 239, 1),
(1446, 'aso', 1, 0, 0, 0, 153, 1),
(1447, 'aso', 1, 0, 0, 0, 61, 1),
(1448, 'aso', 1, 0, 0, 0, 438, 1),
(1449, 'aso', 1, 0, 0, 0, 193, 1),
(1450, 'aso', 1, 0, 0, 0, 157, 1),
(1451, 'aso', 1, 0, 0, 0, 160, 1),
(1452, 'aso', 1, 0, 0, 0, 198, 1),
(1453, 'aso', 1, 0, 0, 0, 226, 1),
(1454, 'aso', 1, 0, 0, 0, 67, 1),
(1455, 'aso', 1, 0, 0, 0, 195, 1),
(1456, 'aso', 1, 0, 0, 0, 286, 1),
(1457, 'aso', 1, 0, 0, 0, 80, 1),
(1458, 'aso', 1, 0, 0, 0, 196, 1),
(1459, 'aso', 1, 0, 0, 0, 109, 1),
(1460, 'aso', 1, 0, 0, 0, 101, 1),
(1461, 'aso', 1, 0, 0, 0, 28, 1),
(1462, 'aso', 1, 0, 0, 0, 214, 1),
(1463, 'aso', 1, 0, 0, 0, 383, 1),
(1464, 'aso', 1, 0, 0, 0, 65, 1),
(1465, 'aso', 1, 0, 0, 0, 158, 1),
(1466, 'aso', 1, 0, 0, 0, 16, 1),
(1467, 'aso', 1, 0, 0, 0, 358, 1),
(1468, 'aso', 1, 0, 0, 0, 129, 1),
(1469, 'aso', 1, 0, 0, 0, 230, 1),
(1470, 'aso', 1, 0, 0, 0, 115, 1),
(1471, 'aso', 1, 0, 0, 0, 46, 1),
(1472, 'aso', 1, 0, 0, 0, 371, 1),
(1473, 'aso', 1, 0, 0, 0, 430, 1),
(1474, 'aso', 1, 0, 0, 0, 401, 1),
(1475, 'aso', 1, 0, 0, 0, 7, 1),
(1476, 'aso', 1, 0, 0, 0, 241, 1),
(1477, 'aso', 1, 0, 0, 0, 283, 1),
(1478, 'aso', 1, 0, 0, 0, 363, 1),
(1479, 'aso', 1, 0, 0, 0, 246, 1),
(1480, 'aso', 1, 0, 0, 0, 62, 1),
(1481, 'aso', 1, 0, 0, 0, 22, 1),
(1482, 'aso', 1, 0, 0, 0, 225, 1),
(1483, 'aso', 1, 0, 0, 0, 318, 1),
(1484, 'aso', 1, 0, 0, 0, 249, 1),
(1485, 'aso', 1, 0, 0, 0, 52, 1),
(1486, 'aso', 1, 0, 0, 0, 126, 1),
(1487, 'aso', 1, 0, 0, 0, 20, 1),
(1488, 'aso', 1, 0, 0, 0, 288, 1),
(1489, 'aso', 1, 0, 0, 0, 310, 1),
(1490, 'aso', 1, 0, 0, 0, 280, 1),
(1491, 'aso', 1, 0, 0, 0, 371, 1),
(1492, 'aso', 1, 0, 0, 0, 430, 1),
(1493, 'aso', 1, 0, 0, 0, 401, 1),
(1494, 'aso', 1, 0, 0, 0, 7, 1),
(1495, 'aso', 1, 0, 0, 0, 241, 1),
(1496, 'aso', 1, 0, 0, 0, 363, 1),
(1497, 'aso', 1, 0, 0, 0, 246, 1),
(1498, 'aso', 1, 0, 0, 0, 62, 1),
(1499, 'aso', 1, 0, 0, 0, 22, 1),
(1500, 'aso', 1, 0, 0, 0, 225, 1),
(1501, 'aso', 1, 0, 0, 0, 318, 1),
(1502, 'aso', 1, 0, 0, 0, 249, 1),
(1503, 'aso', 1, 0, 0, 0, 52, 1),
(1504, 'aso', 1, 0, 0, 0, 153, 1),
(1505, 'aso', 1, 0, 0, 0, 18, 1),
(1506, 'aso', 1, 0, 0, 0, 90, 1),
(1507, 'aso', 1, 0, 0, 0, 2, 1),
(1508, 'aso', 1, 0, 0, 0, 390, 1),
(1509, 'aso', 1, 0, 0, 0, 30, 1),
(1510, 'aso', 1, 0, 0, 0, 60, 1),
(1511, 'aso', 1, 0, 0, 0, 154, 1),
(1512, 'aso', 1, 0, 0, 0, 327, 1),
(1513, 'aso', 1, 0, 0, 0, 6, 1),
(1514, 'aso', 1, 0, 0, 0, 298, 1),
(1515, 'aso', 1, 0, 0, 0, 195, 1),
(1516, 'aso', 1, 0, 0, 0, 272, 1),
(1517, 'aso', 3, 0, 0, 0, 101, 1),
(1518, 'aso', 2, 0, 0, 0, 162, 1),
(1519, 'aso', 1, 0, 0, 0, 35, 1),
(1520, 'aso', 1, 0, 0, 0, 396, 1),
(1521, 'aso', 1, 0, 0, 0, 423, 1),
(1522, 'aso', 1, 0, 0, 0, 38, 1),
(1523, 'aso', 1, 0, 0, 0, 206, 1),
(1524, 'aso', 3, 0, 0, 0, 254, 1),
(1525, 'aso', 1, 0, 0, 0, 44, 1),
(1526, 'aso', 1, 0, 0, 0, 340, 1),
(1527, 'aso', 1, 0, 0, 0, 114, 1),
(1528, 'aso', 1, 0, 0, 0, 343, 1),
(1529, 'aso', 1, 0, 0, 0, 19, 1),
(1530, 'aso', 1, 0, 0, 0, 385, 1),
(1531, 'aso', 1, 0, 0, 0, 389, 1),
(1532, 'aso', 1, 0, 0, 0, 384, 1),
(1533, 'aso', 1, 0, 0, 0, 228, 1),
(1534, 'aso', 1, 0, 0, 0, 387, 1),
(1535, 'aso', 1, 0, 0, 0, 119, 1),
(1536, 'aso', 1, 0, 0, 0, 15, 1),
(1537, 'aso', 1, 0, 0, 0, 384, 1),
(1538, 'aso', 1, 0, 0, 0, 126, 1),
(1539, 'aso', 1, 0, 0, 0, 20, 1),
(1540, 'aso', 1, 0, 0, 0, 281, 1),
(1541, 'aso', 1, 0, 0, 0, 323, 1),
(1542, 'aso', 1, 0, 0, 0, 3, 1),
(1543, 'aso', 1, 0, 0, 0, 407, 1),
(1544, 'aso', 1, 0, 0, 0, 200, 1),
(1545, 'aso', 1, 0, 0, 0, 377, 1),
(1546, 'aso', 1, 0, 0, 0, 422, 1),
(1547, 'aso', 1, 0, 0, 0, 14, 1),
(1548, 'aso', 1, 0, 0, 0, 293, 1),
(1549, 'aso', 1, 0, 0, 0, 243, 1),
(1550, 'aso', 1, 0, 0, 0, 384, 1),
(1551, 'aso', 1, 0, 0, 0, 356, 1),
(1552, 'aso', 1, 0, 0, 0, 411, 1),
(1553, 'aso', 1, 0, 0, 0, 383, 1),
(1554, 'aso', 1, 0, 0, 0, 260, 1),
(1555, 'aso', 1, 0, 0, 0, 244, 1),
(1556, 'aso', 1, 0, 0, 0, 101, 1),
(1557, 'aso', 1, 0, 0, 0, 377, 1);
INSERT INTO `relationships` (`relId`, `type`, `frequency`, `is_aStrength`, `part_ofStrength`, `strength`, `conceptId`, `isHead`) VALUES
(1558, 'aso', 1, 0, 0, 0, 422, 1),
(1559, 'aso', 1, 0, 0, 0, 178, 1),
(1560, 'aso', 1, 0, 0, 0, 14, 1),
(1561, 'aso', 1, 0, 0, 0, 289, 1),
(1562, 'aso', 1, 0, 0, 0, 95, 1),
(1563, 'aso', 1, 0, 0, 0, 403, 1),
(1564, 'aso', 1, 0, 0, 0, 243, 1),
(1565, 'aso', 1, 0, 0, 0, 19, 1),
(1566, 'aso', 1, 0, 0, 0, 13, 1),
(1567, 'aso', 1, 0, 0, 0, 366, 1),
(1568, 'aso', 1, 0, 0, 0, 37, 1),
(1569, 'aso', 1, 0, 0, 0, 113, 1),
(1570, 'aso', 1, 0, 0, 0, 131, 1),
(1571, 'aso', 1, 0, 0, 0, 25, 1),
(1572, 'aso', 1, 0, 0, 0, 247, 1),
(1573, 'aso', 1, 0, 0, 0, 372, 1),
(1574, 'aso', 1, 0, 0, 0, 70, 1),
(1575, 'aso', 1, 0, 0, 0, 351, 1),
(1576, 'aso', 1, 0, 0, 0, 11, 1),
(1577, 'aso', 1, 0, 0, 0, 205, 1),
(1578, 'aso', 1, 0, 0, 0, 177, 1),
(1579, 'aso', 1, 0, 0, 0, 75, 1),
(1580, 'aso', 1, 0, 0, 0, 332, 1),
(1581, 'aso', 1, 0, 0, 0, 346, 1),
(1582, 'aso', 1, 0, 0, 0, 101, 1),
(1583, 'aso', 1, 0, 0, 0, 286, 1),
(1584, 'aso', 1, 0, 0, 0, 390, 1),
(1585, 'aso', 1, 0, 0, 0, 60, 1),
(1586, 'aso', 1, 0, 0, 0, 327, 1),
(1587, 'is a', 1, 0, 0, 0, 254, 0),
(1588, 'aso', 1, 0, 0, 0, 254, 1),
(1589, 'aso', 1, 0, 0, 0, 38, 1),
(1590, 'aso', 1, 0, 0, 0, 9, 1),
(1591, 'aso', 1, 0, 0, 0, 137, 1),
(1592, 'aso', 1, 0, 0, 0, 100, 1),
(1593, 'aso', 1, 0, 0, 0, 364, 1),
(1594, 'aso', 1, 0, 0, 0, 18, 1),
(1595, 'aso', 1, 0, 0, 0, 58, 1),
(1596, 'aso', 1, 0, 0, 0, 266, 1),
(1597, 'aso', 1, 0, 0, 0, 432, 1),
(1598, 'aso', 1, 0, 0, 0, 100, 1),
(1599, 'aso', 1, 0, 0, 0, 101, 1),
(1600, 'aso', 1, 0, 0, 0, 127, 1),
(1601, 'aso', 1, 0, 0, 0, 205, 1),
(1602, 'aso', 1, 0, 0, 0, 383, 1),
(1603, 'aso', 1, 0, 0, 0, 204, 1),
(1604, 'aso', 1, 0, 0, 0, 428, 1),
(1605, 'aso', 1, 0, 0, 0, 265, 1),
(1606, 'aso', 1, 0, 0, 0, 39, 1),
(1607, 'aso', 1, 0, 0, 0, 112, 1),
(1608, 'aso', 1, 0, 0, 0, 407, 1),
(1609, 'aso', 1, 0, 0, 0, 370, 1),
(1610, 'aso', 1, 0, 0, 0, 188, 1),
(1611, 'aso', 1, 0, 0, 0, 384, 1),
(1612, 'aso', 1, 0, 0, 0, 1, 1),
(1613, 'aso', 1, 0, 0, 0, 9, 1),
(1614, 'aso', 1, 0, 0, 0, 335, 1),
(1615, 'aso', 1, 0, 0, 0, 308, 1),
(1616, 'aso', 1, 0, 0, 0, 145, 1),
(1617, 'aso', 1, 0, 0, 0, 355, 1),
(1618, 'aso', 1, 0, 0, 0, 34, 1),
(1619, 'aso', 1, 0, 0, 0, 216, 1),
(1620, 'aso', 1, 0, 0, 0, 142, 1),
(1621, 'aso', 1, 0, 0, 0, 94, 1),
(1622, 'aso', 1, 0, 0, 0, 87, 1),
(1623, 'aso', 1, 0, 0, 0, 241, 1),
(1624, 'aso', 1, 0, 0, 0, 122, 1),
(1625, 'aso', 1, 0, 0, 0, 46, 1),
(1626, 'aso', 1, 0, 0, 0, 245, 1),
(1627, 'aso', 1, 0, 0, 0, 132, 1),
(1628, 'aso', 1, 0, 0, 0, 62, 1),
(1629, 'aso', 1, 0, 0, 0, 41, 1),
(1630, 'aso', 1, 0, 0, 0, 384, 1),
(1631, 'aso', 1, 0, 0, 0, 1, 1),
(1632, 'aso', 2, 0, 0, 0, 9, 1),
(1633, 'aso', 1, 0, 0, 0, 304, 1),
(1634, 'aso', 2, 0, 0, 0, 335, 1),
(1635, 'aso', 1, 0, 0, 0, 145, 1),
(1636, 'aso', 1, 0, 0, 0, 355, 1),
(1637, 'aso', 1, 0, 0, 0, 29, 1),
(1638, 'aso', 1, 0, 0, 0, 282, 1),
(1639, 'aso', 1, 0, 0, 0, 111, 1),
(1640, 'aso', 1, 0, 0, 0, 21, 1),
(1641, 'aso', 1, 0, 0, 0, 322, 1),
(1642, 'aso', 1, 0, 0, 0, 9, 1),
(1643, 'aso', 1, 0, 0, 0, 325, 1),
(1644, 'aso', 1, 0, 0, 0, 412, 1),
(1645, 'aso', 1, 0, 0, 0, 48, 1),
(1646, 'aso', 1, 0, 0, 0, 388, 1),
(1647, 'aso', 1, 0, 0, 0, 8, 1),
(1648, 'aso', 1, 0, 0, 0, 209, 1),
(1649, 'aso', 1, 0, 0, 0, 243, 1),
(1650, 'aso', 1, 0, 0, 0, 54, 1),
(1651, 'aso', 1, 0, 0, 0, 144, 1),
(1652, 'aso', 2, 0, 0, 0, 26, 1),
(1653, 'aso', 2, 0, 0, 0, 365, 1),
(1654, 'aso', 2, 0, 0, 0, 72, 1),
(1655, 'aso', 2, 0, 0, 0, 368, 1),
(1656, 'aso', 2, 0, 0, 0, 341, 1),
(1657, 'aso', 1, 0, 0, 0, 80, 1),
(1658, 'aso', 1, 0, 0, 0, 367, 1),
(1659, 'aso', 1, 0, 0, 0, 331, 1),
(1660, 'aso', 1, 0, 0, 0, 383, 1),
(1661, 'aso', 1, 0, 0, 0, 280, 1),
(1662, 'aso', 1, 0, 0, 0, 371, 1),
(1663, 'aso', 1, 0, 0, 0, 430, 1),
(1664, 'aso', 1, 0, 0, 0, 251, 1),
(1665, 'aso', 1, 0, 0, 0, 401, 1),
(1666, 'aso', 1, 0, 0, 0, 7, 1),
(1667, 'aso', 1, 0, 0, 0, 241, 1),
(1668, 'aso', 1, 0, 0, 0, 283, 1),
(1669, 'aso', 1, 0, 0, 0, 363, 1),
(1670, 'aso', 1, 0, 0, 0, 246, 1),
(1671, 'aso', 1, 0, 0, 0, 62, 1),
(1672, 'aso', 1, 0, 0, 0, 212, 1),
(1673, 'is a', 1, 1, 0, 0, 9, 1),
(1674, 'aso', 1, 0, 0, 0, 225, 1),
(1675, 'aso', 1, 0, 0, 0, 22, 1),
(1676, 'aso', 1, 0, 0, 0, 388, 1),
(1677, 'aso', 1, 0, 0, 0, 249, 1),
(1678, 'aso', 1, 0, 0, 0, 52, 1),
(1679, 'aso', 1, 0, 0, 0, 186, 1),
(1680, 'aso', 1, 0, 0, 0, 224, 1),
(1681, 'aso', 1, 0, 0, 0, 218, 1),
(1682, 'aso', 1, 0, 0, 0, 250, 1),
(1683, 'aso', 1, 0, 0, 0, 228, 1),
(1684, 'aso', 1, 0, 0, 0, 43, 1),
(1685, 'aso', 1, 0, 0, 0, 150, 1),
(1686, 'aso', 1, 0, 0, 0, 353, 1),
(1687, 'aso', 1, 0, 0, 0, 96, 1),
(1688, 'aso', 1, 0, 0, 0, 140, 1),
(1689, 'aso', 1, 0, 0, 0, 71, 1),
(1690, 'aso', 1, 0, 0, 0, 238, 1),
(1691, 'aso', 1, 0, 0, 0, 325, 1),
(1692, 'aso', 1, 0, 0, 0, 412, 1),
(1693, 'aso', 1, 0, 0, 0, 4, 1),
(1694, 'aso', 1, 0, 0, 0, 313, 1),
(1695, 'aso', 1, 0, 0, 0, 8, 1),
(1696, 'aso', 1, 0, 0, 0, 209, 1),
(1697, 'aso', 1, 0, 0, 0, 243, 1),
(1698, 'aso', 1, 0, 0, 0, 135, 1),
(1699, 'aso', 1, 0, 0, 0, 9, 1),
(1700, 'aso', 1, 0, 0, 0, 48, 1),
(1701, 'aso', 1, 0, 0, 0, 388, 1),
(1702, 'is a', 1, 1, 0, 0, 367, 0),
(1703, 'aso', 1, 0, 0, 0, 384, 1),
(1704, 'aso', 1, 0, 0, 0, 3, 1),
(1705, 'aso', 1, 0, 0, 0, 288, 1),
(1706, 'aso', 1, 0, 0, 0, 407, 1),
(1707, 'aso', 1, 0, 0, 0, 200, 1),
(1708, 'aso', 1, 0, 0, 0, 322, 1),
(1709, 'aso', 1, 0, 0, 0, 9, 1),
(1710, 'aso', 1, 0, 0, 0, 412, 1),
(1711, 'aso', 1, 0, 0, 0, 48, 1),
(1712, 'aso', 1, 0, 0, 0, 313, 1),
(1713, 'aso', 1, 0, 0, 0, 388, 1),
(1714, 'aso', 1, 0, 0, 0, 8, 1),
(1715, 'aso', 1, 0, 0, 0, 209, 1),
(1716, 'aso', 1, 0, 0, 0, 243, 1),
(1717, 'aso', 1, 0, 0, 0, 169, 1),
(1718, 'aso', 1, 0, 0, 0, 101, 1),
(1719, 'aso', 1, 0, 0, 0, 286, 1),
(1720, 'aso', 1, 0, 0, 0, 390, 1),
(1721, 'aso', 1, 0, 0, 0, 60, 1),
(1722, 'aso', 1, 0, 0, 0, 254, 1),
(1723, 'aso', 1, 0, 0, 0, 38, 1),
(1724, 'aso', 1, 0, 0, 0, 298, 1),
(1725, 'aso', 1, 0, 0, 0, 386, 1),
(1726, 'aso', 1, 0, 0, 0, 215, 1),
(1727, 'aso', 1, 0, 0, 0, 367, 1),
(1728, 'aso', 1, 0, 0, 0, 317, 1),
(1729, 'aso', 1, 0, 0, 0, 383, 1),
(1730, 'aso', 1, 0, 0, 0, 70, 1),
(1731, 'aso', 1, 0, 0, 0, 351, 1),
(1732, 'aso', 1, 0, 0, 0, 11, 1),
(1733, 'aso', 1, 0, 0, 0, 205, 1),
(1734, 'aso', 1, 0, 0, 0, 177, 1),
(1735, 'aso', 1, 0, 0, 0, 297, 1),
(1736, 'aso', 1, 0, 0, 0, 75, 1),
(1737, 'aso', 1, 0, 0, 0, 346, 1),
(1738, 'aso', 1, 0, 0, 0, 257, 1),
(1739, 'aso', 1, 0, 0, 0, 98, 1),
(1740, 'aso', 1, 0, 0, 0, 78, 1),
(1741, 'aso', 1, 0, 0, 0, 151, 1),
(1742, 'aso', 1, 0, 0, 0, 263, 1),
(1743, 'aso', 1, 0, 0, 0, 407, 1),
(1744, 'aso', 1, 0, 0, 0, 348, 1),
(1745, 'aso', 1, 0, 0, 0, 338, 1),
(1746, 'aso', 1, 0, 0, 0, 384, 1),
(1747, 'aso', 1, 0, 0, 0, 1, 1),
(1748, 'aso', 2, 0, 0, 0, 9, 1),
(1749, 'aso', 1, 0, 0, 0, 304, 1),
(1750, 'aso', 2, 0, 0, 0, 308, 1),
(1751, 'aso', 1, 0, 0, 0, 145, 1),
(1752, 'aso', 1, 0, 0, 0, 355, 1),
(1753, 'aso', 1, 0, 0, 0, 243, 1),
(1754, 'aso', 1, 0, 0, 0, 101, 1),
(1755, 'aso', 1, 0, 0, 0, 128, 1),
(1756, 'aso', 1, 0, 0, 0, 252, 1),
(1757, 'aso', 1, 0, 0, 0, 334, 1),
(1758, 'aso', 1, 0, 0, 0, 384, 1),
(1759, 'aso', 1, 0, 0, 0, 421, 1),
(1760, 'aso', 1, 0, 0, 0, 407, 1),
(1761, 'aso', 1, 0, 0, 0, 90, 1),
(1762, 'aso', 1, 0, 0, 0, 114, 1),
(1763, 'aso', 1, 0, 0, 0, 343, 1),
(1764, 'aso', 1, 0, 0, 0, 385, 1),
(1765, 'aso', 1, 0, 0, 0, 286, 1),
(1766, 'aso', 1, 0, 0, 0, 396, 1),
(1767, 'aso', 1, 0, 0, 0, 2, 1),
(1768, 'aso', 1, 0, 0, 0, 30, 1),
(1769, 'aso', 1, 0, 0, 0, 389, 1),
(1770, 'aso', 2, 0, 0, 0, 26, 1),
(1771, 'aso', 2, 0, 0, 0, 315, 1),
(1772, 'aso', 2, 0, 0, 0, 365, 1),
(1773, 'aso', 2, 0, 0, 0, 72, 1),
(1774, 'aso', 2, 0, 0, 0, 368, 1),
(1775, 'aso', 1, 0, 0, 0, 259, 1),
(1776, 'aso', 1, 0, 0, 0, 8, 1),
(1777, 'aso', 1, 0, 0, 0, 90, 1),
(1778, 'aso', 1, 0, 0, 0, 114, 1),
(1779, 'aso', 1, 0, 0, 0, 385, 1),
(1780, 'aso', 1, 0, 0, 0, 286, 1),
(1781, 'aso', 1, 0, 0, 0, 396, 1),
(1782, 'aso', 1, 0, 0, 0, 2, 1),
(1783, 'aso', 1, 0, 0, 0, 30, 1),
(1784, 'aso', 1, 0, 0, 0, 340, 1),
(1785, 'aso', 1, 0, 0, 0, 389, 1),
(1786, 'aso', 1, 0, 0, 0, 62, 1),
(1787, 'aso', 2, 0, 0, 0, 267, 1),
(1788, 'aso', 1, 0, 0, 0, 70, 1),
(1789, 'aso', 1, 0, 0, 0, 351, 1),
(1790, 'aso', 1, 0, 0, 0, 11, 1),
(1791, 'aso', 1, 0, 0, 0, 205, 1),
(1792, 'aso', 1, 0, 0, 0, 177, 1),
(1793, 'aso', 1, 0, 0, 0, 297, 1),
(1794, 'aso', 1, 0, 0, 0, 75, 1),
(1795, 'aso', 1, 0, 0, 0, 332, 1),
(1796, 'aso', 1, 0, 0, 0, 101, 1),
(1797, 'aso', 1, 0, 0, 0, 414, 1),
(1798, 'aso', 1, 0, 0, 0, 151, 1),
(1799, 'aso', 1, 0, 0, 0, 263, 1),
(1800, 'aso', 1, 0, 0, 0, 334, 1),
(1801, 'aso', 1, 0, 0, 0, 407, 1),
(1802, 'aso', 1, 0, 0, 0, 217, 1),
(1803, 'aso', 1, 0, 0, 0, 163, 1),
(1804, 'aso', 1, 0, 0, 0, 70, 1),
(1805, 'aso', 1, 0, 0, 0, 11, 1),
(1806, 'aso', 1, 0, 0, 0, 205, 1),
(1807, 'aso', 1, 0, 0, 0, 177, 1),
(1808, 'aso', 1, 0, 0, 0, 297, 1),
(1809, 'aso', 1, 0, 0, 0, 75, 1),
(1810, 'aso', 1, 0, 0, 0, 332, 1),
(1811, 'aso', 1, 0, 0, 0, 346, 1),
(1812, 'aso', 2, 0, 0, 0, 207, 1),
(1813, 'aso', 1, 0, 0, 0, 207, 1),
(1814, 'aso', 1, 0, 0, 0, 150, 1),
(1815, 'aso', 1, 0, 0, 0, 96, 1),
(1816, 'aso', 1, 0, 0, 0, 321, 1),
(1817, 'aso', 1, 0, 0, 0, 1, 1),
(1818, 'aso', 1, 0, 0, 0, 304, 1),
(1819, 'aso', 1, 0, 0, 0, 250, 1),
(1820, 'aso', 1, 0, 0, 0, 264, 1),
(1821, 'aso', 1, 0, 0, 0, 335, 1),
(1822, 'aso', 1, 0, 0, 0, 308, 1),
(1823, 'aso', 1, 0, 0, 0, 145, 1),
(1824, 'aso', 1, 0, 0, 0, 384, 1),
(1825, 'aso', 1, 0, 0, 0, 233, 1),
(1826, 'aso', 1, 0, 0, 0, 9, 1),
(1827, 'aso', 1, 0, 0, 0, 62, 1),
(1828, 'aso', 1, 0, 0, 0, 12, 1),
(1829, 'aso', 1, 0, 0, 0, 185, 1),
(1830, 'aso', 1, 0, 0, 0, 262, 1),
(1831, 'aso', 1, 0, 0, 0, 411, 1),
(1832, 'aso', 1, 0, 0, 0, 23, 1),
(1833, 'aso', 1, 0, 0, 0, 291, 1),
(1834, 'aso', 1, 0, 0, 0, 236, 1),
(1835, 'aso', 1, 0, 0, 0, 383, 1),
(1836, 'aso', 1, 0, 0, 0, 1, 1),
(1837, 'aso', 1, 0, 0, 0, 47, 1),
(1838, 'aso', 1, 0, 0, 0, 428, 1),
(1839, 'aso', 1, 0, 0, 0, 407, 1),
(1840, 'aso', 1, 0, 0, 0, 220, 1),
(1841, 'aso', 1, 0, 0, 0, 361, 1),
(1842, 'aso', 1, 0, 0, 0, 129, 1),
(1843, 'aso', 1, 0, 0, 0, 230, 1),
(1844, 'aso', 1, 0, 0, 0, 278, 1),
(1845, 'aso', 1, 0, 0, 0, 97, 1),
(1846, 'aso', 1, 0, 0, 0, 135, 1),
(1847, 'aso', 1, 0, 0, 0, 94, 1),
(1848, 'aso', 1, 0, 0, 0, 426, 1),
(1849, 'aso', 1, 0, 0, 0, 23, 1),
(1850, 'aso', 1, 0, 0, 0, 425, 1),
(1851, 'aso', 1, 0, 0, 0, 357, 1),
(1852, 'aso', 1, 0, 0, 0, 47, 1),
(1853, 'aso', 1, 0, 0, 0, 220, 1),
(1854, 'aso', 1, 0, 0, 0, 79, 1),
(1855, 'aso', 1, 0, 0, 0, 62, 1),
(1856, 'aso', 1, 0, 0, 0, 63, 1),
(1857, 'aso', 1, 0, 0, 0, 58, 1),
(1858, 'aso', 1, 0, 0, 0, 22, 1),
(1859, 'aso', 1, 0, 0, 0, 388, 1),
(1860, 'aso', 1, 0, 0, 0, 231, 1),
(1861, 'aso', 1, 0, 0, 0, 138, 1),
(1862, 'aso', 1, 0, 0, 0, 280, 1),
(1863, 'aso', 1, 0, 0, 0, 371, 1),
(1864, 'aso', 1, 0, 0, 0, 430, 1),
(1865, 'aso', 1, 0, 0, 0, 401, 1),
(1866, 'aso', 1, 0, 0, 0, 7, 1),
(1867, 'aso', 1, 0, 0, 0, 241, 1),
(1868, 'aso', 1, 0, 0, 0, 283, 1),
(1869, 'aso', 1, 0, 0, 0, 246, 1),
(1870, 'aso', 1, 0, 0, 0, 62, 1),
(1871, 'aso', 1, 0, 0, 0, 22, 1),
(1872, 'aso', 1, 0, 0, 0, 225, 1),
(1873, 'aso', 1, 0, 0, 0, 318, 1),
(1874, 'aso', 1, 0, 0, 0, 249, 1),
(1875, 'aso', 1, 0, 0, 0, 52, 1),
(1876, 'aso', 1, 0, 0, 0, 300, 1),
(1877, 'aso', 1, 0, 0, 0, 18, 1),
(1878, 'aso', 1, 0, 0, 0, 58, 1),
(1879, 'aso', 1, 0, 0, 0, 266, 1),
(1880, 'aso', 1, 0, 0, 0, 432, 1),
(1881, 'aso', 1, 0, 0, 0, 100, 1),
(1882, 'aso', 2, 0, 0, 0, 26, 1),
(1883, 'aso', 2, 0, 0, 0, 315, 1),
(1884, 'aso', 2, 0, 0, 0, 72, 1),
(1885, 'aso', 2, 0, 0, 0, 368, 1),
(1886, 'aso', 2, 0, 0, 0, 341, 1),
(1887, 'aso', 1, 0, 0, 0, 295, 1),
(1888, 'is a', 1, 1, 0, 0, 322, 1),
(1889, 'aso', 1, 0, 0, 0, 140, 1),
(1890, 'aso', 1, 0, 0, 0, 135, 1),
(1891, 'aso', 1, 0, 0, 0, 71, 1),
(1892, 'aso', 1, 0, 0, 0, 238, 1),
(1893, 'aso', 1, 0, 0, 0, 4, 1),
(1894, 'aso', 1, 0, 0, 0, 317, 1),
(1895, 'aso', 1, 0, 0, 0, 331, 1),
(1896, 'aso', 1, 0, 0, 0, 383, 1),
(1897, 'aso', 2, 0, 0, 0, 26, 1),
(1898, 'aso', 2, 0, 0, 0, 315, 1),
(1899, 'aso', 2, 0, 0, 0, 365, 1),
(1900, 'aso', 2, 0, 0, 0, 72, 1),
(1901, 'aso', 2, 0, 0, 0, 341, 1),
(1902, 'aso', 1, 0, 0, 0, 81, 1),
(1903, 'aso', 1, 0, 0, 0, 204, 1),
(1904, 'aso', 1, 0, 0, 0, 428, 1),
(1905, 'aso', 1, 0, 0, 0, 265, 1),
(1906, 'aso', 1, 0, 0, 0, 39, 1),
(1907, 'aso', 1, 0, 0, 0, 112, 1),
(1908, 'aso', 1, 0, 0, 0, 407, 1),
(1909, 'aso', 1, 0, 0, 0, 188, 1),
(1910, 'aso', 1, 0, 0, 0, 303, 1),
(1911, 'aso', 1, 0, 0, 0, 280, 1),
(1912, 'aso', 1, 0, 0, 0, 430, 1),
(1913, 'aso', 1, 0, 0, 0, 401, 1),
(1914, 'aso', 1, 0, 0, 0, 7, 1),
(1915, 'aso', 1, 0, 0, 0, 241, 1),
(1916, 'aso', 1, 0, 0, 0, 283, 1),
(1917, 'aso', 1, 0, 0, 0, 363, 1),
(1918, 'aso', 1, 0, 0, 0, 246, 1),
(1919, 'aso', 1, 0, 0, 0, 62, 1),
(1920, 'aso', 1, 0, 0, 0, 22, 1),
(1921, 'aso', 1, 0, 0, 0, 225, 1),
(1922, 'aso', 1, 0, 0, 0, 318, 1),
(1923, 'aso', 1, 0, 0, 0, 249, 1),
(1924, 'aso', 1, 0, 0, 0, 52, 1),
(1925, 'aso', 1, 0, 0, 0, 247, 1),
(1926, 'aso', 1, 0, 0, 0, 296, 1),
(1927, 'aso', 1, 0, 0, 0, 197, 1),
(1928, 'aso', 1, 0, 0, 0, 387, 1),
(1929, 'aso', 1, 0, 0, 0, 191, 1),
(1930, 'aso', 1, 0, 0, 0, 64, 1),
(1931, 'aso', 1, 0, 0, 0, 31, 1),
(1932, 'aso', 1, 0, 0, 0, 410, 1),
(1933, 'aso', 1, 0, 0, 0, 161, 1),
(1934, 'aso', 1, 0, 0, 0, 250, 1),
(1935, 'aso', 1, 0, 0, 0, 164, 1),
(1936, 'aso', 1, 0, 0, 0, 17, 1),
(1937, 'aso', 1, 0, 0, 0, 125, 1),
(1938, 'aso', 1, 0, 0, 0, 267, 1),
(1939, 'aso', 1, 0, 0, 0, 422, 1),
(1940, 'aso', 1, 0, 0, 0, 14, 1),
(1941, 'aso', 1, 0, 0, 0, 289, 1),
(1942, 'aso', 1, 0, 0, 0, 293, 1),
(1943, 'aso', 1, 0, 0, 0, 243, 1),
(1944, 'aso', 2, 0, 0, 0, 161, 1),
(1945, 'aso', 2, 0, 0, 0, 181, 1),
(1946, 'aso', 2, 0, 0, 0, 222, 1),
(1947, 'aso', 1, 0, 0, 0, 253, 1),
(1948, 'aso', 1, 0, 0, 0, 173, 1),
(1949, 'aso', 1, 0, 0, 0, 18, 1),
(1950, 'aso', 1, 0, 0, 0, 384, 1),
(1951, 'aso', 2, 0, 0, 0, 50, 1),
(1952, 'aso', 2, 0, 0, 0, 413, 1),
(1953, 'aso', 2, 0, 0, 0, 427, 1),
(1954, 'aso', 1, 0, 0, 0, 356, 1),
(1955, 'aso', 1, 0, 0, 0, 205, 1),
(1956, 'aso', 1, 0, 0, 0, 141, 1),
(1957, 'aso', 1, 0, 0, 0, 262, 1),
(1958, 'aso', 1, 0, 0, 0, 411, 1),
(1959, 'aso', 1, 0, 0, 0, 97, 1),
(1960, 'aso', 1, 0, 0, 0, 157, 1),
(1961, 'aso', 1, 0, 0, 0, 232, 1),
(1962, 'aso', 1, 0, 0, 0, 384, 1),
(1963, 'aso', 1, 0, 0, 0, 10, 1),
(1964, 'aso', 1, 0, 0, 0, 136, 1),
(1965, 'aso', 1, 0, 0, 0, 117, 1),
(1966, 'aso', 1, 0, 0, 0, 275, 1),
(1967, 'aso', 1, 0, 0, 0, 120, 1),
(1968, 'aso', 1, 0, 0, 0, 166, 1),
(1969, 'aso', 1, 0, 0, 0, 367, 1),
(1970, 'aso', 1, 0, 0, 0, 317, 1),
(1971, 'aso', 1, 0, 0, 0, 331, 1),
(1972, 'aso', 1, 0, 0, 0, 291, 1),
(1973, 'aso', 1, 0, 0, 0, 302, 1),
(1974, 'aso', 1, 0, 0, 0, 88, 1),
(1975, 'aso', 1, 0, 0, 0, 53, 1),
(1976, 'aso', 1, 0, 0, 0, 1, 1),
(1977, 'aso', 1, 0, 0, 0, 262, 1),
(1978, 'aso', 1, 0, 0, 0, 323, 1),
(1979, 'aso', 1, 0, 0, 0, 3, 1),
(1980, 'aso', 1, 0, 0, 0, 392, 1),
(1981, 'aso', 1, 0, 0, 0, 32, 1),
(1982, 'aso', 1, 0, 0, 0, 97, 1),
(1983, 'aso', 1, 0, 0, 0, 157, 1),
(1984, 'aso', 1, 0, 0, 0, 421, 1),
(1985, 'aso', 1, 0, 0, 0, 62, 1),
(1986, 'aso', 1, 0, 0, 0, 9, 1),
(1987, 'aso', 1, 0, 0, 0, 36, 1),
(1988, 'aso', 1, 0, 0, 0, 380, 1),
(1989, 'aso', 1, 0, 0, 0, 200, 1),
(1990, 'aso', 1, 0, 0, 0, 166, 1),
(1991, 'aso', 1, 0, 0, 0, 355, 1),
(1992, 'aso', 1, 0, 0, 0, 203, 1),
(1993, 'aso', 1, 0, 0, 0, 304, 1),
(1994, 'aso', 1, 0, 0, 0, 228, 1),
(1995, 'aso', 1, 0, 0, 0, 429, 1),
(1996, 'aso', 1, 0, 0, 0, 335, 1),
(1997, 'aso', 1, 0, 0, 0, 431, 1),
(1998, 'aso', 1, 0, 0, 0, 308, 1),
(1999, 'aso', 1, 0, 0, 0, 145, 1),
(2000, 'aso', 1, 0, 0, 0, 15, 1),
(2001, 'aso', 1, 0, 0, 0, 383, 1),
(2002, 'aso', 1, 0, 0, 0, 232, 1),
(2003, 'aso', 1, 0, 0, 0, 339, 1),
(2004, 'aso', 1, 0, 0, 0, 18, 1),
(2005, 'aso', 1, 0, 0, 0, 146, 1),
(2006, 'aso', 1, 0, 0, 0, 287, 1),
(2007, 'aso', 1, 0, 0, 0, 117, 1),
(2008, 'aso', 1, 0, 0, 0, 288, 1),
(2009, 'aso', 2, 0, 0, 0, 407, 1),
(2010, 'aso', 1, 0, 0, 0, 387, 1),
(2011, 'aso', 1, 0, 0, 0, 119, 1),
(2012, 'aso', 1, 0, 0, 0, 290, 1),
(2013, 'aso', 1, 0, 0, 0, 88, 1),
(2014, 'aso', 1, 0, 0, 0, 90, 1),
(2015, 'aso', 1, 0, 0, 0, 114, 1),
(2016, 'aso', 1, 0, 0, 0, 343, 1),
(2017, 'aso', 1, 0, 0, 0, 286, 1),
(2018, 'aso', 1, 0, 0, 0, 396, 1),
(2019, 'aso', 1, 0, 0, 0, 2, 1),
(2020, 'aso', 1, 0, 0, 0, 30, 1),
(2021, 'aso', 1, 0, 0, 0, 340, 1),
(2022, 'aso', 1, 0, 0, 0, 389, 1),
(2023, 'aso', 1, 0, 0, 0, 215, 1),
(2024, 'aso', 1, 0, 0, 0, 328, 1),
(2025, 'aso', 1, 0, 0, 0, 384, 1),
(2026, 'aso', 1, 0, 0, 0, 197, 1),
(2027, 'aso', 1, 0, 0, 0, 228, 1),
(2028, 'aso', 1, 0, 0, 0, 287, 1),
(2029, 'aso', 1, 0, 0, 0, 119, 1),
(2030, 'aso', 1, 0, 0, 0, 373, 1),
(2031, 'aso', 1, 0, 0, 0, 15, 1),
(2032, 'aso', 1, 0, 0, 0, 191, 1),
(2033, 'aso', 1, 0, 0, 0, 322, 1),
(2034, 'aso', 1, 0, 0, 0, 56, 1),
(2035, 'aso', 1, 0, 0, 0, 325, 1),
(2036, 'aso', 1, 0, 0, 0, 58, 1),
(2037, 'aso', 1, 0, 0, 0, 412, 1),
(2038, 'aso', 1, 0, 0, 0, 8, 1),
(2039, 'aso', 1, 0, 0, 0, 243, 1),
(2040, 'aso', 1, 0, 0, 0, 100, 1),
(2041, 'aso', 1, 0, 0, 0, 134, 1),
(2042, 'aso', 1, 0, 0, 0, 394, 1),
(2043, 'aso', 3, 0, 0, 0, 9, 1),
(2044, 'aso', 1, 0, 0, 0, 9, 1),
(2045, 'aso', 1, 0, 0, 0, 62, 1),
(2046, 'aso', 1, 0, 0, 0, 63, 1),
(2047, 'aso', 1, 0, 0, 0, 138, 1),
(2048, 'aso', 1, 0, 0, 0, 251, 1),
(2049, 'aso', 1, 0, 0, 0, 313, 1),
(2050, 'aso', 1, 0, 0, 0, 231, 1),
(2051, 'aso', 1, 0, 0, 0, 209, 1),
(2052, 'aso', 1, 0, 0, 0, 362, 1),
(2053, 'aso', 1, 0, 0, 0, 79, 1),
(2054, 'aso', 1, 0, 0, 0, 255, 1),
(2055, 'aso', 1, 0, 0, 0, 212, 1),
(2056, 'aso', 1, 0, 0, 0, 48, 1),
(2057, 'aso', 1, 0, 0, 0, 22, 1),
(2058, 'aso', 1, 0, 0, 0, 318, 1),
(2059, 'aso', 1, 0, 0, 0, 186, 1),
(2060, 'aso', 1, 0, 0, 0, 90, 1),
(2061, 'aso', 1, 0, 0, 0, 114, 1),
(2062, 'aso', 1, 0, 0, 0, 343, 1),
(2063, 'aso', 1, 0, 0, 0, 385, 1),
(2064, 'aso', 1, 0, 0, 0, 286, 1),
(2065, 'aso', 1, 0, 0, 0, 396, 1),
(2066, 'aso', 1, 0, 0, 0, 2, 1),
(2067, 'aso', 1, 0, 0, 0, 30, 1),
(2068, 'aso', 1, 0, 0, 0, 340, 1),
(2069, 'aso', 1, 0, 0, 0, 101, 1),
(2070, 'aso', 1, 0, 0, 0, 286, 1),
(2071, 'aso', 1, 0, 0, 0, 60, 1),
(2072, 'aso', 1, 0, 0, 0, 327, 1),
(2073, 'aso', 1, 0, 0, 0, 254, 1),
(2074, 'aso', 1, 0, 0, 0, 38, 1),
(2075, 'aso', 1, 0, 0, 0, 298, 1),
(2076, 'aso', 1, 0, 0, 0, 53, 1),
(2077, 'aso', 1, 0, 0, 0, 384, 1),
(2078, 'aso', 1, 0, 0, 0, 62, 1),
(2079, 'aso', 1, 0, 0, 0, 36, 1),
(2080, 'aso', 1, 0, 0, 0, 429, 1),
(2081, 'aso', 1, 0, 0, 0, 431, 1),
(2082, 'aso', 1, 0, 0, 0, 32, 1),
(2083, 'aso', 1, 0, 0, 0, 203, 1),
(2084, 'aso', 1, 0, 0, 0, 148, 1),
(2085, 'aso', 1, 0, 0, 0, 234, 1),
(2086, 'aso', 1, 0, 0, 0, 256, 1),
(2087, 'aso', 1, 0, 0, 0, 407, 1),
(2088, 'aso', 1, 0, 0, 0, 241, 1),
(2089, 'aso', 1, 0, 0, 0, 97, 1),
(2090, 'aso', 1, 0, 0, 0, 187, 1),
(2091, 'aso', 1, 0, 0, 0, 56, 1),
(2092, 'aso', 1, 0, 0, 0, 388, 1),
(2093, 'aso', 1, 0, 0, 0, 90, 1),
(2094, 'aso', 1, 0, 0, 0, 114, 1),
(2095, 'aso', 1, 0, 0, 0, 343, 1),
(2096, 'aso', 1, 0, 0, 0, 385, 1),
(2097, 'aso', 1, 0, 0, 0, 286, 1),
(2098, 'aso', 1, 0, 0, 0, 2, 1),
(2099, 'aso', 1, 0, 0, 0, 30, 1),
(2100, 'aso', 1, 0, 0, 0, 340, 1),
(2101, 'aso', 1, 0, 0, 0, 389, 1),
(2102, 'aso', 1, 0, 0, 0, 109, 1),
(2103, 'aso', 1, 0, 0, 0, 404, 1),
(2104, 'aso', 1, 0, 0, 0, 235, 1),
(2105, 'aso', 1, 0, 0, 0, 180, 1),
(2106, 'aso', 1, 0, 0, 0, 18, 1),
(2107, 'aso', 1, 0, 0, 0, 103, 1),
(2108, 'aso', 1, 0, 0, 0, 119, 1),
(2109, 'aso', 1, 0, 0, 0, 230, 1),
(2110, 'aso', 1, 0, 0, 0, 58, 1),
(2111, 'aso', 1, 0, 0, 0, 280, 1),
(2112, 'aso', 1, 0, 0, 0, 371, 1),
(2113, 'aso', 1, 0, 0, 0, 430, 1),
(2114, 'aso', 1, 0, 0, 0, 7, 1),
(2115, 'aso', 1, 0, 0, 0, 241, 1),
(2116, 'aso', 1, 0, 0, 0, 283, 1),
(2117, 'aso', 1, 0, 0, 0, 363, 1),
(2118, 'aso', 1, 0, 0, 0, 246, 1),
(2119, 'aso', 1, 0, 0, 0, 62, 1),
(2120, 'aso', 1, 0, 0, 0, 22, 1),
(2121, 'aso', 1, 0, 0, 0, 225, 1),
(2122, 'aso', 1, 0, 0, 0, 318, 1),
(2123, 'aso', 1, 0, 0, 0, 249, 1),
(2124, 'aso', 1, 0, 0, 0, 52, 1),
(2125, 'aso', 1, 0, 0, 0, 54, 1),
(2126, 'aso', 1, 0, 0, 0, 85, 1),
(2127, 'aso', 1, 0, 0, 0, 434, 1),
(2128, 'aso', 1, 0, 0, 0, 173, 1),
(2129, 'aso', 1, 0, 0, 0, 184, 1),
(2130, 'aso', 1, 0, 0, 0, 210, 1),
(2131, 'aso', 1, 0, 0, 0, 243, 1),
(2132, 'aso', 1, 0, 0, 0, 101, 1),
(2133, 'aso', 1, 0, 0, 0, 178, 1),
(2134, 'aso', 1, 0, 0, 0, 95, 1),
(2135, 'aso', 1, 0, 0, 0, 293, 1),
(2136, 'aso', 1, 0, 0, 0, 398, 1),
(2137, 'aso', 1, 0, 0, 0, 235, 1),
(2138, 'aso', 1, 0, 0, 0, 180, 1),
(2139, 'aso', 1, 0, 0, 0, 408, 1),
(2140, 'aso', 1, 0, 0, 0, 69, 1),
(2141, 'aso', 1, 0, 0, 0, 165, 1),
(2142, 'aso', 1, 0, 0, 0, 416, 1),
(2143, 'aso', 1, 0, 0, 0, 1, 1),
(2144, 'aso', 1, 0, 0, 0, 151, 1),
(2145, 'aso', 1, 0, 0, 0, 323, 1),
(2146, 'aso', 1, 0, 0, 0, 265, 1),
(2147, 'aso', 1, 0, 0, 0, 263, 1),
(2148, 'aso', 1, 0, 0, 0, 3, 1),
(2149, 'aso', 1, 0, 0, 0, 152, 1),
(2150, 'aso', 1, 0, 0, 0, 348, 1),
(2151, 'aso', 1, 0, 0, 0, 97, 1),
(2152, 'aso', 1, 0, 0, 0, 241, 1),
(2153, 'aso', 1, 0, 0, 0, 421, 1),
(2154, 'aso', 1, 0, 0, 0, 393, 1),
(2155, 'aso', 1, 0, 0, 0, 200, 1),
(2156, 'aso', 1, 0, 0, 0, 303, 1),
(2157, 'aso', 1, 0, 0, 0, 357, 1),
(2158, 'aso', 1, 0, 0, 0, 204, 1),
(2159, 'aso', 2, 0, 0, 0, 428, 1),
(2160, 'aso', 1, 0, 0, 0, 334, 1),
(2161, 'aso', 1, 0, 0, 0, 39, 1),
(2162, 'aso', 1, 0, 0, 0, 112, 1),
(2163, 'aso', 1, 0, 0, 0, 339, 1),
(2164, 'aso', 2, 0, 0, 0, 384, 1),
(2165, 'aso', 1, 0, 0, 0, 148, 1),
(2166, 'aso', 1, 0, 0, 0, 256, 1),
(2167, 'aso', 1, 0, 0, 0, 234, 1),
(2168, 'aso', 1, 0, 0, 0, 288, 1),
(2169, 'aso', 1, 0, 0, 0, 370, 1),
(2170, 'aso', 1, 0, 0, 0, 187, 1),
(2171, 'aso', 1, 0, 0, 0, 188, 1),
(2172, 'aso', 1, 0, 0, 0, 405, 1),
(2173, 'aso', 1, 0, 0, 0, 69, 1),
(2174, 'aso', 1, 0, 0, 0, 375, 1),
(2175, 'aso', 1, 0, 0, 0, 161, 1),
(2176, 'aso', 1, 0, 0, 0, 250, 1),
(2177, 'aso', 1, 0, 0, 0, 164, 1),
(2178, 'aso', 1, 0, 0, 0, 17, 1),
(2179, 'aso', 1, 0, 0, 0, 125, 1),
(2180, 'aso', 1, 0, 0, 0, 356, 1),
(2181, 'aso', 1, 0, 0, 0, 291, 1),
(2182, 'aso', 1, 0, 0, 0, 383, 1),
(2183, 'aso', 1, 0, 0, 0, 322, 1),
(2184, 'aso', 1, 0, 0, 0, 9, 1),
(2185, 'aso', 1, 0, 0, 0, 325, 1),
(2186, 'aso', 1, 0, 0, 0, 48, 1),
(2187, 'aso', 1, 0, 0, 0, 313, 1),
(2188, 'aso', 1, 0, 0, 0, 388, 1),
(2189, 'aso', 1, 0, 0, 0, 8, 1),
(2190, 'aso', 1, 0, 0, 0, 209, 1),
(2191, 'aso', 1, 0, 0, 0, 243, 1),
(2192, 'aso', 2, 0, 0, 0, 50, 1),
(2193, 'aso', 2, 0, 0, 0, 381, 1),
(2194, 'aso', 2, 0, 0, 0, 427, 1),
(2195, 'aso', 1, 0, 0, 0, 101, 1),
(2196, 'aso', 1, 0, 0, 0, 347, 1),
(2197, 'aso', 1, 0, 0, 0, 109, 1),
(2198, 'aso', 1, 0, 0, 0, 208, 1),
(2199, 'aso', 1, 0, 0, 0, 157, 1),
(2200, 'aso', 1, 0, 0, 0, 66, 1),
(2201, 'aso', 1, 0, 0, 0, 406, 1),
(2202, 'aso', 1, 0, 0, 0, 165, 1),
(2203, 'aso', 1, 0, 0, 0, 171, 1),
(2204, 'aso', 1, 0, 0, 0, 92, 1),
(2205, 'aso', 1, 0, 0, 0, 384, 1),
(2206, 'aso', 1, 0, 0, 0, 407, 1),
(2207, 'aso', 1, 0, 0, 0, 339, 1),
(2208, 'aso', 1, 0, 0, 0, 377, 1),
(2209, 'aso', 1, 0, 0, 0, 14, 1),
(2210, 'aso', 1, 0, 0, 0, 289, 1),
(2211, 'aso', 1, 0, 0, 0, 293, 1),
(2212, 'aso', 1, 0, 0, 0, 243, 1),
(2213, 'aso', 1, 0, 0, 0, 101, 1),
(2214, 'aso', 1, 0, 0, 0, 286, 1),
(2215, 'aso', 1, 0, 0, 0, 162, 1),
(2216, 'aso', 1, 0, 0, 0, 154, 1),
(2217, 'is a', 1, 0, 0, 0, 254, 0),
(2218, 'aso', 1, 0, 0, 0, 254, 1),
(2219, 'aso', 1, 0, 0, 0, 225, 1),
(2220, 'aso', 1, 0, 0, 0, 130, 1),
(2221, 'aso', 1, 0, 0, 0, 51, 1),
(2222, 'aso', 1, 0, 0, 0, 221, 1),
(2223, 'aso', 1, 0, 0, 0, 135, 1),
(2224, 'aso', 1, 0, 0, 0, 360, 1),
(2225, 'aso', 1, 0, 0, 0, 94, 1),
(2226, 'aso', 1, 0, 0, 0, 426, 1),
(2227, 'aso', 1, 0, 0, 0, 23, 1),
(2228, 'aso', 1, 0, 0, 0, 135, 1),
(2229, 'aso', 1, 0, 0, 0, 360, 1),
(2230, 'aso', 1, 0, 0, 0, 94, 1),
(2231, 'aso', 1, 0, 0, 0, 23, 1),
(2232, 'aso', 1, 0, 0, 0, 425, 1),
(2233, 'aso', 2, 0, 0, 0, 50, 1),
(2234, 'aso', 2, 0, 0, 0, 413, 1),
(2235, 'aso', 2, 0, 0, 0, 381, 1),
(2236, 'aso', 1, 0, 0, 0, 1, 1),
(2237, 'aso', 1, 0, 0, 0, 204, 1),
(2238, 'aso', 1, 0, 0, 0, 357, 1),
(2239, 'aso', 1, 0, 0, 0, 265, 1),
(2240, 'aso', 1, 0, 0, 0, 39, 1),
(2241, 'aso', 1, 0, 0, 0, 112, 1),
(2242, 'aso', 2, 0, 0, 0, 407, 1),
(2243, 'aso', 1, 0, 0, 0, 370, 1),
(2244, 'aso', 1, 0, 0, 0, 188, 1),
(2245, 'aso', 1, 0, 0, 0, 303, 1),
(2246, 'aso', 1, 0, 0, 0, 53, 1),
(2247, 'aso', 1, 0, 0, 0, 384, 1),
(2248, 'aso', 1, 0, 0, 0, 62, 1),
(2249, 'aso', 1, 0, 0, 0, 36, 1),
(2250, 'aso', 1, 0, 0, 0, 431, 1),
(2251, 'aso', 1, 0, 0, 0, 392, 1),
(2252, 'aso', 1, 0, 0, 0, 32, 1),
(2253, 'aso', 1, 0, 0, 0, 203, 1),
(2254, 'aso', 1, 0, 0, 0, 280, 1),
(2255, 'aso', 1, 0, 0, 0, 371, 1),
(2256, 'aso', 1, 0, 0, 0, 401, 1),
(2257, 'aso', 1, 0, 0, 0, 7, 1),
(2258, 'aso', 1, 0, 0, 0, 241, 1),
(2259, 'aso', 1, 0, 0, 0, 283, 1),
(2260, 'aso', 1, 0, 0, 0, 363, 1),
(2261, 'aso', 1, 0, 0, 0, 246, 1),
(2262, 'aso', 1, 0, 0, 0, 62, 1),
(2263, 'aso', 1, 0, 0, 0, 22, 1),
(2264, 'aso', 1, 0, 0, 0, 225, 1),
(2265, 'aso', 1, 0, 0, 0, 318, 1),
(2266, 'aso', 1, 0, 0, 0, 249, 1),
(2267, 'aso', 1, 0, 0, 0, 52, 1),
(2268, 'aso', 1, 0, 0, 0, 53, 1),
(2269, 'aso', 1, 0, 0, 0, 384, 1),
(2270, 'aso', 1, 0, 0, 0, 62, 1),
(2271, 'aso', 1, 0, 0, 0, 36, 1),
(2272, 'aso', 1, 0, 0, 0, 429, 1),
(2273, 'aso', 1, 0, 0, 0, 392, 1),
(2274, 'aso', 1, 0, 0, 0, 32, 1),
(2275, 'aso', 1, 0, 0, 0, 203, 1),
(2276, 'aso', 1, 0, 0, 0, 300, 1),
(2277, 'aso', 1, 0, 0, 0, 364, 1),
(2278, 'aso', 1, 0, 0, 0, 18, 1),
(2279, 'aso', 1, 0, 0, 0, 58, 1),
(2280, 'aso', 1, 0, 0, 0, 266, 1),
(2281, 'aso', 1, 0, 0, 0, 100, 1),
(2282, 'aso', 1, 0, 0, 0, 74, 1),
(2283, 'aso', 1, 0, 0, 0, 202, 1),
(2284, 'aso', 1, 0, 0, 0, 54, 1),
(2285, 'aso', 2, 0, 0, 0, 85, 1),
(2286, 'aso', 1, 0, 0, 0, 402, 1),
(2287, 'aso', 1, 0, 0, 0, 107, 1),
(2288, 'aso', 1, 0, 0, 0, 173, 1),
(2289, 'aso', 2, 0, 0, 0, 184, 1),
(2290, 'aso', 2, 0, 0, 0, 210, 1),
(2291, 'aso', 2, 0, 0, 0, 243, 1),
(2292, 'aso', 1, 0, 0, 0, 170, 1),
(2293, 'aso', 1, 0, 0, 0, 40, 1),
(2294, 'aso', 1, 0, 0, 0, 22, 1),
(2295, 'aso', 1, 0, 0, 0, 228, 1),
(2296, 'aso', 1, 0, 0, 0, 213, 1),
(2297, 'aso', 1, 0, 0, 0, 176, 1),
(2298, 'aso', 1, 0, 0, 0, 199, 1),
(2299, 'aso', 1, 0, 0, 0, 242, 1),
(2300, 'aso', 1, 0, 0, 0, 157, 1),
(2301, 'aso', 1, 0, 0, 0, 261, 1),
(2302, 'aso', 1, 0, 0, 0, 84, 1),
(2303, 'aso', 1, 0, 0, 0, 239, 1),
(2304, 'aso', 1, 0, 0, 0, 153, 1),
(2305, 'aso', 1, 0, 0, 0, 268, 1),
(2306, 'aso', 1, 0, 0, 0, 61, 1),
(2307, 'aso', 1, 0, 0, 0, 464, 1),
(2308, 'aso', 1, 0, 0, 0, 467, 1),
(2309, 'aso', 1, 0, 0, 0, 449, 1),
(2310, 'aso', 1, 0, 0, 0, 443, 1),
(2311, 'aso', 1, 0, 0, 0, 456, 1),
(2312, 'aso', 1, 0, 0, 0, 457, 1),
(2313, 'aso', 1, 0, 0, 0, 464, 1),
(2314, 'aso', 1, 0, 0, 0, 460, 1),
(2315, 'aso', 1, 0, 0, 0, 462, 1),
(2316, 'aso', 1, 0, 0, 0, 466, 1),
(2317, 'aso', 1, 0, 0, 0, 467, 1),
(2318, 'aso', 1, 0, 0, 0, 450, 1),
(2319, 'is a', 1, 0, 0, 0, 458, 0),
(2320, 'aso', 1, 0, 0, 0, 458, 1),
(2321, 'aso', 1, 0, 0, 0, 451, 1),
(2322, 'aso', 1, 0, 0, 0, 459, 1),
(2323, 'aso', 1, 0, 0, 0, 445, 1),
(2324, 'aso', 1, 0, 0, 0, 446, 1),
(2325, 'aso', 1, 0, 0, 0, 440, 1),
(2326, 'aso', 1, 0, 0, 0, 449, 1),
(2327, 'aso', 1, 0, 0, 0, 448, 1),
(2328, 'aso', 1, 0, 0, 0, 452, 1),
(2329, 'aso', 1, 0, 0, 0, 461, 1),
(2330, 'aso', 1, 0, 0, 0, 447, 1),
(2331, 'aso', 1, 0, 0, 0, 465, 1),
(2332, 'aso', 1, 0, 0, 0, 467, 1),
(2333, 'aso', 1, 0, 0, 0, 450, 1),
(2334, 'aso', 1, 0, 0, 0, 442, 1),
(2335, 'aso', 1, 0, 0, 0, 451, 1),
(2336, 'aso', 1, 0, 0, 0, 459, 1),
(2337, 'aso', 1, 0, 0, 0, 446, 1),
(2338, 'aso', 1, 0, 0, 0, 450, 1),
(2339, 'aso', 1, 0, 0, 0, 442, 1),
(2340, 'aso', 1, 0, 0, 0, 451, 1),
(2341, 'aso', 1, 0, 0, 0, 459, 1),
(2342, 'aso', 1, 0, 0, 0, 445, 1),
(2343, 'aso', 1, 0, 0, 0, 448, 1),
(2344, 'aso', 1, 0, 0, 0, 452, 1),
(2345, 'aso', 1, 0, 0, 0, 444, 1),
(2346, 'aso', 1, 0, 0, 0, 461, 1),
(2347, 'aso', 1, 0, 0, 0, 465, 1),
(2348, 'aso', 1, 0, 0, 0, 467, 1),
(2349, 'aso', 1, 0, 0, 0, 452, 1),
(2350, 'aso', 1, 0, 0, 0, 444, 1),
(2351, 'aso', 1, 0, 0, 0, 461, 1),
(2352, 'aso', 1, 0, 0, 0, 447, 1),
(2353, 'aso', 1, 0, 0, 0, 465, 1),
(2354, 'aso', 1, 0, 0, 0, 467, 1),
(2355, 'aso', 1, 0, 0, 0, 440, 1),
(2356, 'aso', 1, 0, 0, 0, 443, 1),
(2357, 'aso', 1, 0, 0, 0, 442, 1),
(2358, 'aso', 1, 0, 0, 0, 451, 1),
(2359, 'aso', 1, 0, 0, 0, 459, 1),
(2360, 'aso', 1, 0, 0, 0, 446, 1),
(2361, 'aso', 1, 0, 0, 0, 445, 1),
(2362, 'aso', 1, 0, 0, 0, 450, 1),
(2363, 'aso', 1, 0, 0, 0, 442, 1),
(2364, 'aso', 1, 0, 0, 0, 459, 1),
(2365, 'aso', 1, 0, 0, 0, 446, 1),
(2366, 'aso', 1, 0, 0, 0, 445, 1),
(2367, 'aso', 1, 0, 0, 0, 448, 1),
(2368, 'aso', 1, 0, 0, 0, 444, 1),
(2369, 'aso', 1, 0, 0, 0, 461, 1),
(2370, 'aso', 1, 0, 0, 0, 447, 1),
(2371, 'aso', 1, 0, 0, 0, 465, 1),
(2372, 'aso', 1, 0, 0, 0, 467, 1),
(2373, 'aso', 1, 0, 0, 0, 459, 1),
(2374, 'aso', 1, 0, 0, 0, 455, 1),
(2375, 'aso', 1, 0, 0, 0, 463, 1),
(2376, 'aso', 1, 0, 0, 0, 459, 1),
(2377, 'aso', 1, 0, 0, 0, 453, 1),
(2378, 'aso', 1, 0, 0, 0, 457, 1),
(2379, 'aso', 1, 0, 0, 0, 441, 1),
(2380, 'aso', 1, 0, 0, 0, 464, 1),
(2381, 'aso', 1, 0, 0, 0, 460, 1),
(2382, 'aso', 1, 0, 0, 0, 462, 1),
(2383, 'aso', 1, 0, 0, 0, 466, 1),
(2384, 'aso', 1, 0, 0, 0, 467, 1),
(2385, 'aso', 1, 0, 0, 0, 456, 1),
(2386, 'aso', 1, 0, 0, 0, 441, 1),
(2387, 'aso', 1, 0, 0, 0, 464, 1),
(2388, 'aso', 1, 0, 0, 0, 460, 1),
(2389, 'aso', 1, 0, 0, 0, 462, 1),
(2390, 'aso', 1, 0, 0, 0, 466, 1),
(2391, 'aso', 1, 0, 0, 0, 467, 1),
(2392, 'is a', 1, 0, 0, 0, 442, 1),
(2393, 'aso', 1, 0, 0, 0, 442, 1),
(2394, 'aso', 1, 0, 0, 0, 450, 1),
(2395, 'aso', 1, 0, 0, 0, 442, 1),
(2396, 'aso', 1, 0, 0, 0, 451, 1),
(2397, 'aso', 1, 0, 0, 0, 453, 1),
(2398, 'aso', 1, 0, 0, 0, 445, 1),
(2399, 'aso', 1, 0, 0, 0, 446, 1),
(2400, 'aso', 1, 0, 0, 0, 455, 1),
(2401, 'aso', 1, 0, 0, 0, 456, 1),
(2402, 'aso', 1, 0, 0, 0, 457, 1),
(2403, 'aso', 1, 0, 0, 0, 441, 1),
(2404, 'aso', 1, 0, 0, 0, 464, 1),
(2405, 'aso', 1, 0, 0, 0, 462, 1),
(2406, 'aso', 1, 0, 0, 0, 466, 1),
(2407, 'aso', 1, 0, 0, 0, 467, 1),
(2408, 'aso', 1, 0, 0, 0, 448, 1),
(2409, 'aso', 1, 0, 0, 0, 452, 1),
(2410, 'aso', 1, 0, 0, 0, 444, 1),
(2411, 'aso', 1, 0, 0, 0, 447, 1),
(2412, 'aso', 1, 0, 0, 0, 465, 1),
(2413, 'aso', 1, 0, 0, 0, 467, 1),
(2414, 'aso', 1, 0, 0, 0, 456, 1),
(2415, 'aso', 1, 0, 0, 0, 457, 1),
(2416, 'aso', 1, 0, 0, 0, 441, 1),
(2417, 'aso', 1, 0, 0, 0, 464, 1),
(2418, 'aso', 1, 0, 0, 0, 460, 1),
(2419, 'aso', 1, 0, 0, 0, 466, 1),
(2420, 'aso', 1, 0, 0, 0, 467, 1),
(2421, 'aso', 1, 0, 0, 0, 454, 1),
(2422, 'aso', 1, 0, 0, 0, 439, 1),
(2423, 'aso', 1, 0, 0, 0, 456, 1),
(2424, 'aso', 1, 0, 0, 0, 457, 1),
(2425, 'aso', 1, 0, 0, 0, 441, 1),
(2426, 'aso', 1, 0, 0, 0, 460, 1),
(2427, 'aso', 1, 0, 0, 0, 462, 1),
(2428, 'aso', 1, 0, 0, 0, 466, 1),
(2429, 'aso', 2, 0, 0, 0, 467, 1),
(2430, 'aso', 1, 0, 0, 0, 448, 1),
(2431, 'aso', 1, 0, 0, 0, 452, 1),
(2432, 'aso', 1, 0, 0, 0, 444, 1),
(2433, 'aso', 1, 0, 0, 0, 461, 1),
(2434, 'aso', 1, 0, 0, 0, 447, 1),
(2435, 'aso', 1, 0, 0, 0, 467, 1),
(2436, 'aso', 1, 0, 0, 0, 456, 1),
(2437, 'aso', 1, 0, 0, 0, 457, 1),
(2438, 'aso', 1, 0, 0, 0, 441, 1),
(2439, 'aso', 1, 0, 0, 0, 464, 1),
(2440, 'aso', 1, 0, 0, 0, 460, 1),
(2441, 'aso', 1, 0, 0, 0, 462, 1),
(2442, 'aso', 1, 0, 0, 0, 467, 1),
(2443, 'aso', 1, 0, 0, 0, 439, 1),
(2444, 'aso', 1, 0, 0, 0, 456, 1),
(2445, 'aso', 1, 0, 0, 0, 457, 1),
(2446, 'aso', 1, 0, 0, 0, 441, 1),
(2447, 'aso', 1, 0, 0, 0, 460, 1),
(2448, 'aso', 1, 0, 0, 0, 444, 1),
(2449, 'aso', 1, 0, 0, 0, 461, 1),
(2450, 'aso', 1, 0, 0, 0, 462, 1),
(2451, 'aso', 1, 0, 0, 0, 447, 1),
(2452, 'aso', 1, 0, 0, 0, 448, 1),
(2453, 'aso', 2, 0, 0, 0, 464, 1),
(2454, 'aso', 1, 0, 0, 0, 452, 1),
(2455, 'aso', 1, 0, 0, 0, 465, 1),
(2456, 'aso', 1, 0, 0, 0, 466, 1);
